n,type,file_format,llm,compilation_iteration,testing_iteration,validation_iteration,cyclomatic_complexity,code_coverage,compilation_seconds,testing_seconds,validation_seconds,execution_time
0,multi_agent,CSV,openai,2.0000,2.0000,2.0000,52.0000,0.7900,89.7185,90.2507,107.1415,107.1416
0,multi_agent,HTML,openai,2.0000,,,25.0000,,150.4365,,,998.1538
0,multi_agent,HTTP,openai,2.0000,2.0000,3.0000,20.0000,0.6264,137.1197,137.7063,237.5132,237.5133
0,multi_agent,JSON,openai,2.0000,2.0000,2.0000,34.0000,0.5849,181.4486,182.4496,197.2886,197.2888
0,multi_agent,PDF,openai,2.0000,,,14.0000,,127.2673,,,923.6614
0,multi_agent,XML,openai,2.0000,,,24.0000,,122.2863,,,700.1247
0,single_agent,CSV,openai,6.0000,,,17.0000,,328.8184,,,414.6155
0,single_agent,HTML,openai,1.0000,,,15.0000,,170.9295,,,179.1420
0,single_agent,HTTP,openai,2.0000,,,15.0000,,366.1841,,,374.5588
0,single_agent,JSON,openai,3.0000,4.0000,,27.0000,0.6656,346.7945,352.7239,,360.7312
0,single_agent,PDF,openai,2.0000,,,9.0000,,152.6738,,,160.1371
0,single_agent,XML,openai,1.0000,,,30.0000,,251.6061,,,261.5084
1,multi_agent,CSV,openai,1.0000,1.0000,1.0000,27.0000,0.7566,56.0482,56.9463,67.6492,67.6494
1,multi_agent,HTML,openai,2.0000,,,45.0000,,209.7530,,,1255.2253
1,multi_agent,HTTP,openai,2.0000,,,21.0000,,130.8785,,,958.0174
1,multi_agent,JSON,openai,3.0000,3.0000,3.0000,48.0000,0.5696,302.3021,302.7496,321.6783,321.6783
1,multi_agent,PDF,openai,2.0000,,,23.0000,,101.9125,,,672.5114
1,multi_agent,XML,openai,2.0000,,,79.0000,,163.5580,,,1344.7797
1,single_agent,CSV,openai,3.0000,4.0000,,34.0000,0.6244,191.7715,196.5042,,202.4093
1,single_agent,HTML,openai,1.0000,,,22.0000,,195.8346,,,204.5205
1,single_agent,HTTP,openai,2.0000,3.0000,,20.0000,0.6226,145.1040,149.7284,,156.0059
1,single_agent,JSON,openai,2.0000,3.0000,,18.0000,0.6725,215.8916,221.6314,,225.5243
1,single_agent,PDF,openai,1.0000,,,16.0000,,101.8042,,,109.2529
1,single_agent,XML,openai,1.0000,,,10.0000,,156.8269,,,165.7379
2,multi_agent,CSV,openai,2.0000,2.0000,2.0000,62.0000,0.7672,112.1189,112.8188,130.6029,130.6031
2,multi_agent,HTML,openai,2.0000,2.0000,2.0000,26.0000,0.3006,134.6008,135.0285,157.1333,157.1333
2,multi_agent,HTTP,openai,6.0000,,,14.0000,,357.9243,,,908.2052
2,multi_agent,JSON,openai,3.0000,3.0000,3.0000,33.0000,0.6917,258.3861,260.0372,280.2608,280.2609
2,multi_agent,PDF,openai,2.0000,,,28.0000,,186.5289,,,1205.7923
2,multi_agent,XML,openai,2.0000,,,21.0000,,97.1853,,,667.6757
2,single_agent,CSV,openai,2.0000,,,50.0000,,161.7596,,,169.8485
2,single_agent,HTML,openai,1.0000,,,14.0000,,129.3140,,,138.3370
2,single_agent,HTTP,openai,2.0000,3.0000,,17.0000,0.6667,168.1705,173.6622,,180.1366
2,single_agent,JSON,openai,2.0000,3.0000,,26.0000,0.6625,256.9348,262.9689,,269.2739
2,single_agent,PDF,openai,1.0000,,,15.0000,,122.5901,,,127.2848
2,single_agent,XML,openai,1.0000,,,32.0000,,100.1436,,,104.4569
3,multi_agent,CSV,openai,2.0000,2.0000,2.0000,54.0000,0.6157,105.7027,106.2905,119.4870,119.4870
3,multi_agent,HTML,openai,,,,,,,,,886.2397
3,multi_agent,HTTP,openai,3.0000,3.0000,3.0000,26.0000,0.6276,171.9599,172.5109,208.3251,208.3252
3,multi_agent,JSON,openai,2.0000,2.0000,2.0000,34.0000,0.5966,124.6504,125.6081,141.7429,141.7431
3,multi_agent,PDF,openai,3.0000,,,31.0000,,347.7383,,,1194.8724
3,multi_agent,XML,openai,2.0000,,,35.0000,,102.2931,,,2037.0521
3,single_agent,CSV,openai,2.0000,3.0000,,39.0000,0.6854,133.3293,139.0411,,145.1197
3,single_agent,HTML,openai,1.0000,,,28.0000,,168.1160,,,176.5272
3,single_agent,HTTP,openai,2.0000,,,20.0000,,211.1074,,,219.4003
3,single_agent,JSON,openai,2.0000,3.0000,,28.0000,0.7113,226.5126,232.3649,,241.1707
3,single_agent,PDF,openai,2.0000,3.0000,,14.0000,0.8082,70.4486,72.3902,,78.7273
3,single_agent,XML,openai,1.0000,4.0000,,20.0000,0.6681,230.3281,235.7189,,242.7138
4,multi_agent,CSV,openai,2.0000,,,57.0000,,105.0179,,,792.5735
4,multi_agent,HTML,openai,2.0000,,,68.0000,,156.3111,,,1274.7935
4,multi_agent,HTTP,openai,3.0000,,,27.0000,,295.6562,,,1055.3903
4,multi_agent,JSON,openai,2.0000,2.0000,3.0000,38.0000,0.5489,142.4414,142.9099,259.4922,259.4924
4,multi_agent,PDF,openai,2.0000,2.0000,2.0000,30.0000,0.3473,135.1958,135.6901,151.0393,151.0396
4,multi_agent,XML,openai,2.0000,3.0000,3.0000,29.0000,0.6522,112.8025,162.0905,175.8210,175.8212
4,single_agent,CSV,openai,2.0000,3.0000,,34.0000,0.6548,131.0503,136.3704,,142.3586
4,single_agent,HTML,openai,1.0000,,,24.0000,,135.0362,,,142.3623
4,single_agent,HTTP,openai,1.0000,2.0000,,14.0000,0.6712,91.0835,96.1887,,102.1216
4,single_agent,JSON,openai,2.0000,3.0000,,28.0000,0.6029,216.2663,222.3337,,230.6464
4,single_agent,PDF,openai,2.0000,3.0000,,15.0000,0.8507,57.6847,60.6934,,66.7465
4,single_agent,XML,openai,2.0000,,,22.0000,,201.9792,,,210.4882
5,multi_agent,CSV,openai,2.0000,3.0000,3.0000,77.0000,0.4371,114.3533,170.4566,185.9506,185.9507
5,multi_agent,HTML,openai,2.0000,,,86.0000,,209.2210,,,1472.0642
5,multi_agent,HTTP,openai,3.0000,,,26.0000,,174.0721,,,1065.2156
5,multi_agent,JSON,openai,2.0000,2.0000,2.0000,38.0000,0.6310,166.4484,166.9362,188.3511,188.3512
5,multi_agent,PDF,openai,2.0000,2.0000,2.0000,48.0000,0.4107,135.2987,136.2071,154.2558,154.2560
5,multi_agent,XML,openai,2.0000,4.0000,4.0000,42.0000,0.6538,147.3887,292.5865,308.9090,308.9091
5,single_agent,CSV,openai,7.0000,,,61.0000,,357.3496,,,364.9693
5,single_agent,HTML,openai,1.0000,,,26.0000,,178.7719,,,187.3148
5,single_agent,HTTP,openai,2.0000,3.0000,,19.0000,0.7097,122.5925,128.2064,,134.1875
5,single_agent,JSON,openai,3.0000,4.0000,,35.0000,0.5706,382.8412,389.4284,,397.0685
5,single_agent,PDF,openai,1.0000,2.0000,,12.0000,0.7500,57.6557,59.5344,,65.5290
5,single_agent,XML,openai,2.0000,,,25.0000,,261.1448,,,269.0620
6,multi_agent,CSV,openai,2.0000,3.0000,3.0000,91.0000,0.6732,116.6435,148.5741,169.0699,169.0701
6,multi_agent,HTML,openai,2.0000,,,125.0000,,175.6877,,,1420.4568
6,multi_agent,HTTP,openai,3.0000,,,29.0000,,168.9966,,,936.4878
6,multi_agent,JSON,openai,3.0000,3.0000,3.0000,33.0000,0.6121,252.2165,252.6346,267.7247,267.7247
6,multi_agent,PDF,openai,2.0000,,,12.0000,,136.5699,,,999.4698
6,multi_agent,XML,openai,2.0000,,,34.0000,,113.4309,,,794.8446
6,single_agent,CSV,openai,1.0000,,,71.0000,,444.6694,,,452.8629
6,single_agent,HTML,openai,1.0000,,,14.0000,,189.3244,,,198.5855
6,single_agent,HTTP,openai,2.0000,,,15.0000,,180.6400,,,188.7180
6,single_agent,JSON,openai,2.0000,3.0000,,28.0000,0.6162,296.7273,303.4570,,311.1740
6,single_agent,PDF,openai,1.0000,2.0000,,13.0000,0.7778,78.8132,83.9645,,89.9876
6,single_agent,XML,openai,1.0000,,,25.0000,,244.9594,,,253.4762
7,multi_agent,CSV,openai,1.0000,1.0000,1.0000,40.0000,0.7853,50.8830,51.4244,65.7538,65.7539
7,multi_agent,HTML,openai,9.0000,,,48.0000,,676.9965,,,1142.0984
7,multi_agent,HTTP,openai,3.0000,3.0000,3.0000,45.0000,0.4194,300.6721,301.1493,322.7100,322.7100
7,multi_agent,JSON,openai,4.0000,4.0000,4.0000,39.0000,0.6233,277.2884,278.0214,291.8320,291.8321
7,multi_agent,PDF,openai,2.0000,,,28.0000,,147.9624,,,1182.9149
7,multi_agent,XML,openai,2.0000,,,48.0000,,158.4077,,,1030.4192
7,single_agent,CSV,openai,1.0000,2.0000,,49.0000,0.5368,103.5179,109.0970,,115.2962
7,single_agent,HTML,openai,1.0000,,,23.0000,,167.0625,,,175.7819
7,single_agent,HTTP,openai,1.0000,,,22.0000,,112.6182,,,120.5109
7,single_agent,JSON,openai,5.0000,,,32.0000,,306.7306,,,316.5143
7,single_agent,PDF,openai,2.0000,,,39.0000,,161.3498,,,170.7943
7,single_agent,XML,openai,1.0000,,,18.0000,,163.3556,,,173.1448
8,multi_agent,CSV,openai,2.0000,2.0000,2.0000,36.0000,0.8842,99.0112,99.8472,114.0505,114.0506
8,multi_agent,HTML,openai,3.0000,,,25.0000,,275.5462,,,1269.2771
8,multi_agent,HTTP,openai,4.0000,,,15.0000,,286.2804,,,1097.4236
8,multi_agent,JSON,openai,4.0000,4.0000,4.0000,33.0000,0.6613,244.7459,245.2331,263.8052,263.8054
8,multi_agent,PDF,openai,2.0000,,,77.0000,,221.0364,,,1907.5916
8,multi_agent,XML,openai,2.0000,2.0000,8.0000,105.0000,0.7795,127.1354,127.6737,703.1651,703.1652
8,single_agent,CSV,openai,2.0000,3.0000,,44.0000,0.5745,170.4051,175.4566,,181.3449
8,single_agent,HTML,openai,1.0000,,,24.0000,,180.9974,,,189.9553
8,single_agent,HTTP,openai,2.0000,3.0000,,15.0000,0.6882,202.8193,208.1892,,213.9332
8,single_agent,JSON,openai,3.0000,,,31.0000,,304.6198,,,314.2316
8,single_agent,PDF,openai,2.0000,3.0000,,14.0000,0.8169,74.0656,79.3022,,85.2305
8,single_agent,XML,openai,1.0000,,,24.0000,,179.6753,,,187.2403
9,multi_agent,CSV,openai,2.0000,2.0000,2.0000,49.0000,0.7838,81.1401,81.7178,99.3011,99.3014
9,multi_agent,HTML,openai,2.0000,,,27.0000,,157.7218,,,1215.3638
9,multi_agent,HTTP,openai,3.0000,,,28.0000,,166.6551,,,869.1598
9,multi_agent,JSON,openai,3.0000,4.0000,4.0000,31.0000,0.6762,257.0572,337.6099,357.9217,357.9218
9,multi_agent,PDF,openai,3.0000,,,18.0000,,229.4636,,,1231.9505
9,multi_agent,XML,openai,2.0000,,,26.0000,,145.6380,,,916.8114
9,single_agent,CSV,openai,1.0000,2.0000,,35.0000,0.6596,91.0474,96.2566,,101.6114
9,single_agent,HTML,openai,1.0000,,,20.0000,,250.4605,,,260.3075
9,single_agent,HTTP,openai,3.0000,,,21.0000,,259.4578,,,267.3591
9,single_agent,JSON,openai,3.0000,4.0000,,37.0000,0.4880,396.4835,402.9706,,411.4063
9,single_agent,PDF,openai,2.0000,3.0000,,15.0000,0.7973,92.0086,97.1296,,102.9458
9,single_agent,XML,openai,2.0000,,,11.0000,,130.6022,,,134.0285
10,multi_agent,CSV,openai,1.0000,1.0000,1.0000,28.0000,0.8369,45.9402,46.5137,60.5501,60.5502
10,multi_agent,HTML,openai,2.0000,,,60.0000,,182.4145,,,1423.5243
10,multi_agent,HTTP,openai,,,,,,,,,832.6467
10,multi_agent,JSON,openai,2.0000,3.0000,3.0000,37.0000,0.6301,154.4092,233.8272,247.9513,247.9514
10,multi_agent,PDF,openai,2.0000,,,29.0000,,160.9111,,,1076.2728
10,multi_agent,XML,openai,2.0000,,,21.0000,,119.2691,,,919.8198
10,single_agent,CSV,openai,2.0000,,,25.0000,,104.2443,,,111.7504
10,single_agent,HTML,openai,1.0000,,,16.0000,,160.7634,,,170.2709
10,single_agent,HTTP,openai,2.0000,3.0000,,9.0000,0.7734,118.3941,123.7589,,128.6295
10,single_agent,JSON,openai,2.0000,3.0000,,26.0000,,250.9832,257.2301,,264.9769
10,single_agent,PDF,openai,2.0000,3.0000,,8.0000,,69.9100,74.8576,,78.6489
10,single_agent,XML,openai,1.0000,,,26.0000,,185.4711,,,194.8079
11,multi_agent,CSV,openai,1.0000,1.0000,1.0000,77.0000,,81.2093,81.7066,97.6306,97.6307
11,multi_agent,HTML,openai,2.0000,,,24.0000,,137.4791,,,1055.6455
11,multi_agent,HTTP,openai,2.0000,,,31.0000,,125.5635,,,1030.5206
11,multi_agent,JSON,openai,2.0000,2.0000,2.0000,31.0000,,170.0829,170.5800,187.7476,187.7477
11,multi_agent,PDF,openai,1.0000,,,20.0000,,79.3335,,,993.3845
11,multi_agent,XML,openai,2.0000,2.0000,2.0000,51.0000,,116.6070,117.0489,132.9635,132.9639
11,single_agent,CSV,openai,2.0000,,,65.0000,,198.3157,,,206.5033
11,single_agent,HTML,openai,2.0000,4.0000,,21.0000,,179.7490,184.7291,,189.3318
11,single_agent,HTTP,openai,3.0000,4.0000,,17.0000,,274.1644,279.3286,,285.1798
11,single_agent,JSON,openai,2.0000,3.0000,,28.0000,,221.1404,226.9351,,233.7678
11,single_agent,PDF,openai,1.0000,2.0000,,24.0000,,38.1297,40.1295,,46.0301
11,single_agent,XML,openai,1.0000,,,28.0000,,151.3320,,,162.0824
12,multi_agent,CSV,openai,2.0000,2.0000,2.0000,24.0000,,81.2403,81.7250,107.4588,107.4589
12,multi_agent,HTML,openai,2.0000,,,31.0000,,175.6190,,,1282.3790
12,multi_agent,HTTP,openai,3.0000,3.0000,3.0000,22.0000,,181.3866,181.8021,196.7065,196.7066
12,multi_agent,JSON,openai,2.0000,2.0000,2.0000,40.0000,,181.8577,182.8137,202.5447,202.5448
12,multi_agent,PDF,openai,2.0000,2.0000,2.0000,41.0000,,167.1610,167.7407,185.0305,185.0306
12,multi_agent,XML,openai,1.0000,,,35.0000,,67.8463,,,1055.9870
12,single_agent,CSV,openai,2.0000,3.0000,,28.0000,,195.4321,200.7190,,206.5378
12,single_agent,HTML,openai,2.0000,,,8.0000,,222.0645,,,230.6459
12,single_agent,HTTP,openai,1.0000,,,25.0000,,196.3193,,,203.9611
12,single_agent,JSON,openai,2.0000,3.0000,,26.0000,,285.6939,291.5740,,298.4979
12,single_agent,PDF,openai,2.0000,,,9.0000,,121.9811,,,130.1823
12,single_agent,XML,openai,1.0000,,,30.0000,,77.0967,,,80.0745
13,multi_agent,CSV,openai,3.0000,6.0000,6.0000,53.0000,,177.0008,343.2044,354.8188,354.8188
13,multi_agent,HTML,openai,1.0000,,,76.0000,,91.0736,,,1183.1360
13,multi_agent,HTTP,openai,2.0000,2.0000,2.0000,35.0000,,133.2818,133.7572,148.7049,148.7051
13,multi_agent,JSON,openai,2.0000,4.0000,4.0000,34.0000,,182.7674,352.4412,369.5912,369.5912
13,multi_agent,PDF,openai,3.0000,,,29.0000,,492.2862,,,2226.2801
13,multi_agent,XML,openai,2.0000,2.0000,2.0000,44.0000,,176.9495,177.3851,197.6682,197.6684
13,single_agent,CSV,openai,,,,,,,,,671.6221
13,single_agent,HTML,openai,1.0000,,,13.0000,,246.0391,,,254.2646
13,single_agent,HTTP,openai,2.0000,3.0000,,19.0000,,201.3846,206.3413,,211.2265
13,single_agent,JSON,openai,2.0000,3.0000,,34.0000,,266.5638,272.7751,,279.3712
13,single_agent,PDF,openai,2.0000,3.0000,,14.0000,,79.7646,81.4933,,86.4823
13,single_agent,XML,openai,2.0000,,,23.0000,,213.3927,,,222.8162
0,multi_agent,CSV,google,2.0000,2.0000,3.0000,36.0000,0.7662,135.4350,135.8974,247.0650,247.0651
0,multi_agent,HTML,google,2.0000,12.0000,12.0000,170.0000,0.7466,196.8878,1323.9511,1342.6229,1342.6230
0,multi_agent,HTTP,google,2.0000,,,31.0000,,133.0223,,,933.4355
0,multi_agent,JSON,google,1.0000,1.0000,3.0000,31.0000,0.6163,127.1944,127.6030,250.4579,250.4581
0,multi_agent,PDF,google,2.0000,2.0000,2.0000,10.0000,0.7260,111.5921,112.7878,132.0077,132.0078
0,multi_agent,XML,google,2.0000,2.0000,2.0000,30.0000,0.6029,150.5612,150.9725,177.7251,177.7252
0,single_agent,CSV,google,3.0000,4.0000,,13.0000,0.6972,111.6778,113.5047,,120.0131
0,single_agent,HTML,google,1.0000,2.0000,,19.0000,0.7711,64.4809,66.1696,,71.9738
0,single_agent,HTTP,google,3.0000,4.0000,,13.0000,0.6727,431.5465,433.4060,,439.2925
0,single_agent,JSON,google,1.0000,,,14.0000,,497.1563,,,503.0089
0,single_agent,PDF,google,2.0000,3.0000,,13.0000,0.7222,58.5710,60.5392,,66.5268
0,single_agent,XML,google,2.0000,,,22.0000,,392.7552,,,395.1989
1,multi_agent,CSV,google,1.0000,1.0000,1.0000,45.0000,0.6283,73.8098,74.2494,92.4697,92.4698
1,multi_agent,HTML,google,2.0000,7.0000,7.0000,43.0000,0.6535,233.0134,1335.3936,1357.1819,1357.1820
1,multi_agent,HTTP,google,4.0000,5.0000,7.0000,37.0000,0.6088,216.2544,269.1116,435.5012,435.5014
1,multi_agent,JSON,google,3.0000,3.0000,3.0000,40.0000,0.6667,183.7723,184.2404,206.5722,206.5723
1,multi_agent,PDF,google,1.0000,,,45.0000,,91.7212,,,1234.2187
1,multi_agent,XML,google,1.0000,4.0000,4.0000,68.0000,0.6855,89.1536,260.6103,287.1783,287.1784
1,single_agent,CSV,google,1.0000,2.0000,,13.0000,0.6903,80.5226,82.2399,,88.1602
1,single_agent,HTML,google,1.0000,6.0000,,7.0000,0.7660,150.2243,152.3195,,158.3597
1,single_agent,HTTP,google,2.0000,5.0000,,26.0000,0.6053,103.2627,105.2822,,110.5907
1,single_agent,JSON,google,1.0000,10.0000,,32.0000,0.6088,379.9057,382.4461,,389.8494
1,single_agent,PDF,google,1.0000,2.0000,,9.0000,0.6711,37.2506,38.9291,,44.9261
1,single_agent,XML,google,2.0000,3.0000,,37.0000,0.6262,125.1691,127.3829,,132.9360
2,multi_agent,CSV,google,3.0000,3.0000,3.0000,27.0000,0.5083,197.3036,197.8063,221.3746,221.3746
2,multi_agent,HTML,google,1.0000,3.0000,6.0000,59.0000,0.7090,65.5944,147.5476,293.7234,293.7235
2,multi_agent,HTTP,google,2.0000,,,41.0000,,105.3200,,,1133.9808
2,multi_agent,JSON,google,2.0000,2.0000,3.0000,25.0000,0.6094,119.5286,120.1281,221.7288,221.7288
2,multi_agent,PDF,google,2.0000,2.0000,2.0000,17.0000,0.6797,83.7301,84.4174,97.9672,97.9674
2,multi_agent,XML,google,2.0000,3.0000,6.0000,51.0000,0.5420,209.1917,309.4897,694.5757,694.5758
2,single_agent,CSV,google,1.0000,4.0000,,24.0000,0.6667,126.5784,128.6190,,134.8856
2,single_agent,HTML,google,1.0000,10.0000,,11.0000,0.7163,218.0258,220.4143,,226.4013
2,single_agent,HTTP,google,3.0000,4.0000,,13.0000,0.6800,144.9993,147.0588,,152.8034
2,single_agent,JSON,google,1.0000,,,28.0000,,238.1198,,,242.6516
2,single_agent,PDF,google,3.0000,,,28.0000,,334.8061,,,339.5476
2,single_agent,XML,google,3.0000,,,17.0000,,279.3142,,,282.0546
3,multi_agent,CSV,google,2.0000,2.0000,3.0000,37.0000,0.6790,133.1756,133.6489,313.2308,313.2309
3,multi_agent,HTML,google,2.0000,3.0000,3.0000,30.0000,0.6650,185.6794,262.5030,286.6882,286.6883
3,multi_agent,HTTP,google,2.0000,2.0000,2.0000,15.0000,0.7167,98.3820,98.9495,115.6899,115.6900
3,multi_agent,JSON,google,2.0000,3.0000,4.0000,37.0000,0.5613,129.3426,183.8815,306.9467,306.9468
3,multi_agent,PDF,google,2.0000,2.0000,2.0000,11.0000,0.6406,173.3787,174.0630,196.2888,196.2889
3,multi_agent,XML,google,2.0000,9.0000,9.0000,61.0000,0.4914,174.6941,829.9802,856.3213,856.3214
3,single_agent,CSV,google,1.0000,2.0000,,19.0000,0.7027,60.4676,61.9213,,67.2792
3,single_agent,HTML,google,2.0000,7.0000,,20.0000,0.7423,207.9028,210.4728,,217.0431
3,single_agent,HTTP,google,2.0000,3.0000,,18.0000,0.5580,77.2359,79.7187,,85.6535
3,single_agent,JSON,google,1.0000,4.0000,,22.0000,0.6667,185.2276,187.5545,,193.9921
3,single_agent,PDF,google,1.0000,2.0000,,11.0000,0.5811,44.8652,46.7501,,52.1172
3,single_agent,XML,google,2.0000,10.0000,,44.0000,0.6314,305.5207,307.3462,,313.7926
4,multi_agent,CSV,google,1.0000,1.0000,2.0000,25.0000,0.6845,75.2168,75.6764,173.8918,173.8919
4,multi_agent,HTML,google,2.0000,5.0000,9.0000,27.0000,0.8288,159.2474,407.3422,1475.5062,1475.5063
4,multi_agent,HTTP,google,2.0000,,,38.0000,,143.3741,,,1424.7778
4,multi_agent,JSON,google,2.0000,2.0000,2.0000,24.0000,0.6692,139.2284,139.6374,159.8747,159.8748
4,multi_agent,PDF,google,2.0000,4.0000,4.0000,20.0000,0.6345,89.5440,177.8813,194.2150,194.2151
4,multi_agent,XML,google,1.0000,1.0000,1.0000,61.0000,0.5768,101.6360,102.0470,117.5854,117.5855
4,single_agent,CSV,google,1.0000,2.0000,,15.0000,0.7143,65.1765,66.8107,,72.5903
4,single_agent,HTML,google,1.0000,8.0000,,18.0000,0.7312,159.8858,161.6084,,167.3495
4,single_agent,HTTP,google,2.0000,3.0000,,42.0000,0.6316,94.1930,95.9705,,101.6318
4,single_agent,JSON,google,1.0000,2.0000,,28.0000,0.5909,62.7762,64.7624,,70.5970
4,single_agent,PDF,google,2.0000,3.0000,,8.0000,0.6875,40.4838,42.5188,,47.9809
4,single_agent,XML,google,1.0000,7.0000,,28.0000,0.6125,296.2895,298.3371,,304.9915
5,multi_agent,CSV,google,2.0000,2.0000,2.0000,58.0000,0.7117,173.5684,174.0279,197.3774,197.3775
5,multi_agent,HTML,google,1.0000,7.0000,9.0000,30.0000,0.7436,106.0777,578.1715,815.6192,815.6193
5,multi_agent,HTTP,google,1.0000,1.0000,2.0000,26.0000,0.6094,71.9975,73.0859,155.4003,155.4005
5,multi_agent,JSON,google,2.0000,2.0000,2.0000,29.0000,0.6787,113.6607,114.6209,136.8400,136.8400
5,multi_agent,PDF,google,1.0000,,,14.0000,,55.0311,,,761.1785
5,multi_agent,XML,google,1.0000,1.0000,4.0000,51.0000,0.5771,130.4118,131.1486,364.3578,364.3579
5,single_agent,CSV,google,1.0000,4.0000,,15.0000,0.7761,227.2065,228.5899,,234.5554
5,single_agent,HTML,google,1.0000,2.0000,,29.0000,0.7105,32.3068,34.1794,,40.2610
5,single_agent,HTTP,google,2.0000,3.0000,,13.0000,0.6755,118.7168,120.8926,,127.3292
5,single_agent,JSON,google,2.0000,,,22.0000,,182.8836,,,187.6633
5,single_agent,PDF,google,1.0000,2.0000,,8.0000,0.6154,27.3195,29.0249,,33.9933
5,single_agent,XML,google,1.0000,12.0000,,34.0000,0.6816,288.0386,289.8783,,295.7061
6,multi_agent,CSV,google,5.0000,5.0000,5.0000,47.0000,0.7436,335.4974,336.2075,357.2111,357.2113
6,multi_agent,HTML,google,1.0000,3.0000,3.0000,56.0000,0.7252,96.1602,237.7292,256.2847,256.2849
6,multi_agent,HTTP,google,2.0000,2.0000,2.0000,18.0000,0.5870,139.1849,139.7839,155.1176,155.1177
6,multi_agent,JSON,google,1.0000,1.0000,1.0000,35.0000,0.5747,96.8441,97.8419,115.0965,115.0966
6,multi_agent,PDF,google,2.0000,2.0000,5.0000,16.0000,0.6954,105.4986,106.0781,304.9122,304.9122
6,multi_agent,XML,google,2.0000,8.0000,8.0000,53.0000,0.5776,134.4622,504.7243,532.8960,532.8962
6,single_agent,CSV,google,2.0000,3.0000,,34.0000,0.7724,141.0580,142.8472,,148.0095
6,single_agent,HTML,google,1.0000,4.0000,,29.0000,0.7233,86.9796,88.9751,,94.9294
6,single_agent,HTTP,google,2.0000,9.0000,,21.0000,0.5390,304.8549,306.9107,,312.8551
6,single_agent,JSON,google,1.0000,4.0000,,25.0000,0.7446,135.7353,137.5151,,142.6070
6,single_agent,PDF,google,1.0000,2.0000,,7.0000,0.7027,33.3422,35.0332,,40.7351
6,single_agent,XML,google,1.0000,,,42.0000,,371.0797,,,373.4851
7,multi_agent,CSV,google,1.0000,1.0000,1.0000,45.0000,0.7385,94.8262,95.9401,113.5224,113.5226
7,multi_agent,HTML,google,1.0000,9.0000,9.0000,47.0000,0.6771,84.7032,668.3552,690.6953,690.6954
7,multi_agent,HTTP,google,2.0000,,,26.0000,,162.2024,,,866.9839
7,multi_agent,JSON,google,2.0000,2.0000,2.0000,30.0000,0.5412,136.9012,137.3029,152.1040,152.1041
7,multi_agent,PDF,google,2.0000,,,22.0000,,168.4182,,,1330.4846
7,multi_agent,XML,google,3.0000,4.0000,4.0000,38.0000,0.6530,238.2007,308.5181,326.1976,326.1977
7,single_agent,CSV,google,1.0000,2.0000,,18.0000,0.7312,83.9029,85.5442,,91.2550
7,single_agent,HTML,google,1.0000,2.0000,,40.0000,0.6837,59.5321,61.6331,,67.6421
7,single_agent,HTTP,google,2.0000,,,11.0000,,383.7171,,,388.4211
7,single_agent,JSON,google,1.0000,10.0000,,27.0000,0.7273,309.2406,311.2280,,317.6565
7,single_agent,PDF,google,1.0000,5.0000,,14.0000,0.7215,79.3791,81.8137,,88.2878
7,single_agent,XML,google,1.0000,4.0000,,44.0000,0.5893,115.4792,117.4332,,122.8449
8,multi_agent,CSV,google,3.0000,3.0000,5.0000,54.0000,0.6604,229.0290,229.4560,424.7247,424.7249
8,multi_agent,HTML,google,1.0000,1.0000,1.0000,23.0000,0.7488,99.8588,100.4960,116.0094,116.0096
8,multi_agent,HTTP,google,2.0000,10.0000,10.0000,29.0000,0.6803,122.9950,637.8089,660.1273,660.1275
8,multi_agent,JSON,google,3.0000,3.0000,3.0000,31.0000,0.5985,206.7244,207.5934,225.9872,225.9874
8,multi_agent,PDF,google,2.0000,,,20.0000,,109.9457,,,972.2905
8,multi_agent,XML,google,1.0000,2.0000,9.0000,43.0000,0.5329,84.0369,146.7124,723.8525,723.8526
8,single_agent,CSV,google,2.0000,3.0000,,13.0000,0.6981,78.6745,80.5821,,89.2669
8,single_agent,HTML,google,1.0000,2.0000,,11.0000,0.6724,37.1042,38.7170,,44.5497
8,single_agent,HTTP,google,1.0000,2.0000,,48.0000,0.7143,521.6005,524.0403,,527.6956
8,single_agent,JSON,google,1.0000,7.0000,,18.0000,0.6607,208.9759,210.6966,,217.1776
8,single_agent,PDF,google,1.0000,2.0000,,10.0000,0.7273,23.0120,25.4428,,30.8698
8,single_agent,XML,google,2.0000,9.0000,,45.0000,0.7273,223.7355,225.8716,,231.6667
9,multi_agent,CSV,google,3.0000,3.0000,5.0000,33.0000,0.5739,199.8241,200.3154,337.4646,337.4647
9,multi_agent,HTML,google,3.0000,6.0000,7.0000,135.0000,0.6813,220.8825,446.2294,595.3179,595.3180
9,multi_agent,HTTP,google,2.0000,,,20.0000,,136.8474,,,1146.8586
9,multi_agent,JSON,google,2.0000,3.0000,3.0000,28.0000,0.5924,141.4359,194.1572,217.2600,217.2602
9,multi_agent,PDF,google,4.0000,4.0000,6.0000,11.0000,0.6174,160.7872,161.2051,233.0647,233.0649
9,multi_agent,XML,google,2.0000,,,41.0000,,130.9192,,,1242.5665
9,single_agent,CSV,google,1.0000,2.0000,,19.0000,0.6480,72.2339,73.9356,,79.3723
9,single_agent,HTML,google,2.0000,3.0000,,18.0000,0.7672,69.6519,72.0863,,78.0278
9,single_agent,HTTP,google,2.0000,5.0000,,26.0000,0.6324,164.6124,166.5538,,172.5600
9,single_agent,JSON,google,1.0000,,,29.0000,,432.8656,,,435.0365
9,single_agent,PDF,google,2.0000,3.0000,,12.0000,0.6567,52.7360,54.5750,,60.5738
9,single_agent,XML,google,1.0000,2.0000,,36.0000,0.5522,141.6272,144.1627,,149.7879
10,multi_agent,CSV,google,1.0000,1.0000,4.0000,43.0000,0.6538,109.2413,109.9750,294.2631,294.2632
10,multi_agent,HTML,google,2.0000,12.0000,14.0000,40.0000,0.6776,135.4207,914.8558,1133.1261,1133.1262
10,multi_agent,HTTP,google,3.0000,14.0000,14.0000,52.0000,0.4891,284.7831,1070.4220,1090.0330,1090.0332
10,multi_agent,JSON,google,2.0000,4.0000,5.0000,37.0000,0.6600,124.7920,250.1458,364.8073,364.8073
10,multi_agent,PDF,google,2.0000,,,17.0000,,136.4291,,,821.1587
10,multi_agent,XML,google,3.0000,3.0000,3.0000,23.0000,0.5438,193.2676,193.7056,212.5101,212.5103
10,single_agent,CSV,google,1.0000,2.0000,,24.0000,0.6946,105.3691,107.1901,,113.3635
10,single_agent,HTML,google,1.0000,2.0000,,5.0000,0.6731,36.7333,38.3271,,43.8434
10,single_agent,HTTP,google,2.0000,3.0000,,14.0000,0.5882,57.6566,59.7972,,65.7625
10,single_agent,JSON,google,1.0000,4.0000,,23.0000,0.5606,172.6070,174.4071,,181.2177
10,single_agent,PDF,google,1.0000,2.0000,,7.0000,0.6667,18.9324,20.8218,,26.8736
10,single_agent,XML,google,1.0000,12.0000,,30.0000,0.7065,290.3030,292.4189,,297.7820
11,multi_agent,CSV,google,2.0000,4.0000,5.0000,41.0000,0.6275,138.5087,283.3499,357.3407,357.3408
11,multi_agent,HTML,google,1.0000,3.0000,5.0000,152.0000,0.6672,119.9586,301.8786,563.3444,563.3445
11,multi_agent,HTTP,google,2.0000,2.0000,3.0000,25.0000,0.4425,147.0591,147.6363,257.1420,257.1421
11,multi_agent,JSON,google,3.0000,3.0000,4.0000,36.0000,0.5889,301.4355,301.8479,435.9955,435.9957
11,multi_agent,PDF,google,2.0000,,,23.0000,,94.3620,,,833.8020
11,multi_agent,XML,google,2.0000,11.0000,,51.0000,0.4404,189.5843,917.5290,,1422.5026
11,single_agent,CSV,google,2.0000,3.0000,,37.0000,0.6116,115.2680,116.9852,,122.1117
11,single_agent,HTML,google,1.0000,6.0000,,14.0000,0.7821,104.9883,106.6877,,111.8984
11,single_agent,HTTP,google,1.0000,2.0000,,22.0000,0.6753,151.2552,153.2424,,158.5493
11,single_agent,JSON,google,2.0000,7.0000,,63.0000,0.4670,191.9907,193.5852,,199.3792
11,single_agent,PDF,google,1.0000,2.0000,,9.0000,0.6471,24.6356,27.3671,,32.3219
11,single_agent,XML,google,1.0000,8.0000,,39.0000,0.7027,287.4972,289.4965,,295.3175
12,multi_agent,CSV,google,2.0000,2.0000,6.0000,30.0000,0.6523,126.4142,126.8767,678.5027,678.5029
12,multi_agent,HTML,google,2.0000,2.0000,8.0000,45.0000,0.7582,112.5724,113.0003,441.5272,441.5273
12,multi_agent,HTTP,google,2.0000,2.0000,2.0000,29.0000,0.5761,137.4314,137.9842,154.7109,154.7110
12,multi_agent,JSON,google,1.0000,1.0000,1.0000,26.0000,0.6615,87.3834,88.0958,102.6483,102.6484
12,multi_agent,PDF,google,5.0000,,,36.0000,,298.3477,,,915.5132
12,multi_agent,XML,google,2.0000,6.0000,7.0000,56.0000,0.5437,101.9171,501.0230,614.8031,614.8034
12,single_agent,CSV,google,2.0000,3.0000,,19.0000,0.7209,83.5181,85.4667,,89.8615
12,single_agent,HTML,google,1.0000,2.0000,,17.0000,0.7273,42.5412,44.2689,,50.2596
12,single_agent,HTTP,google,2.0000,7.0000,,30.0000,0.5795,571.8306,573.8255,,577.8454
12,single_agent,JSON,google,1.0000,,,23.0000,,346.6967,,,354.7749
12,single_agent,PDF,google,3.0000,4.0000,,9.0000,0.7321,47.4375,49.3570,,54.3632
12,single_agent,XML,google,2.0000,3.0000,,54.0000,0.6244,107.7452,110.2355,,115.3227
13,multi_agent,CSV,google,2.0000,2.0000,3.0000,20.0000,0.6235,106.3871,106.9100,191.5133,191.5134
13,multi_agent,HTML,google,2.0000,10.0000,11.0000,129.0000,0.6763,241.0789,1015.6104,1196.0679,1196.0680
13,multi_agent,HTTP,google,2.0000,2.0000,2.0000,40.0000,0.5824,153.7465,154.2221,171.8216,171.8217
13,multi_agent,JSON,google,3.0000,3.0000,3.0000,34.0000,0.5727,198.7385,199.2410,218.4164,218.4166
13,multi_agent,PDF,google,3.0000,,,25.0000,,194.5497,,,1021.3027
13,multi_agent,XML,google,1.0000,1.0000,1.0000,33.0000,0.5622,96.7543,97.2401,115.3112,115.3113
13,single_agent,CSV,google,2.0000,3.0000,,30.0000,0.7097,129.5805,131.5707,,136.5284
13,single_agent,HTML,google,2.0000,3.0000,,7.0000,0.7391,49.3961,51.0702,,55.5524
13,single_agent,HTTP,google,2.0000,3.0000,,37.0000,0.6305,549.3970,551.4811,,554.7826
13,single_agent,JSON,google,1.0000,,,20.0000,,446.5585,,,454.1690
13,single_agent,PDF,google,1.0000,2.0000,,8.0000,0.6203,30.1609,31.7206,,36.2314
13,single_agent,XML,google,1.0000,9.0000,,30.0000,0.6437,304.8158,309.6424,,314.6042
0,multi_agent,CSV,anthropic,2.0000,3.0000,3.0000,32.0000,0.6980,80.7990,121.2418,143.4882,143.4884
0,multi_agent,HTML,anthropic,2.0000,2.0000,2.0000,50.0000,0.8779,119.8619,120.7769,144.1571,144.1575
0,multi_agent,HTTP,anthropic,2.0000,,,21.0000,,88.0974,,,629.9052
0,multi_agent,JSON,anthropic,2.0000,3.0000,3.0000,33.0000,0.6493,124.2427,181.3865,206.2368,206.2369
0,multi_agent,PDF,anthropic,2.0000,10.0000,10.0000,40.0000,0.7892,72.9223,353.7179,378.0524,378.0525
0,multi_agent,XML,anthropic,2.0000,,,31.0000,,86.9590,,,556.8968
0,single_agent,CSV,anthropic,2.0000,5.0000,,20.0000,0.7908,147.6458,152.9726,,159.2239
0,single_agent,HTML,anthropic,2.0000,3.0000,,9.0000,0.9030,91.4342,96.5673,,102.4289
0,single_agent,HTTP,anthropic,2.0000,3.0000,,9.0000,0.7222,235.5926,240.1504,,246.7179
0,single_agent,JSON,anthropic,2.0000,3.0000,,17.0000,0.8136,136.1792,141.6755,,146.8561
0,single_agent,PDF,anthropic,3.0000,4.0000,,19.0000,0.8491,99.3663,104.8464,,110.5979
0,single_agent,XML,anthropic,2.0000,7.0000,,52.0000,0.7826,241.9472,247.4286,,253.2833
1,multi_agent,CSV,anthropic,2.0000,2.0000,2.0000,26.0000,0.6953,74.4889,75.2468,94.3375,94.3376
1,multi_agent,HTML,anthropic,1.0000,7.0000,7.0000,38.0000,0.7236,49.0028,770.6600,796.7794,796.7795
1,multi_agent,HTTP,anthropic,2.0000,,,34.0000,,102.5484,,,717.6114
1,multi_agent,JSON,anthropic,2.0000,2.0000,2.0000,20.0000,0.6585,120.4750,120.9472,146.0310,146.0310
1,multi_agent,PDF,anthropic,2.0000,6.0000,6.0000,21.0000,0.5926,88.2880,221.2496,245.4034,245.4035
1,multi_agent,XML,anthropic,2.0000,15.0000,15.0000,25.0000,0.8345,91.8698,693.5606,722.0430,722.0431
1,single_agent,CSV,anthropic,2.0000,7.0000,,16.0000,0.7848,137.7375,139.4281,,145.5672
1,single_agent,HTML,anthropic,1.0000,2.0000,,39.0000,0.8827,94.4355,99.8574,,105.9474
1,single_agent,HTTP,anthropic,2.0000,3.0000,,21.0000,0.7987,104.9024,109.6465,,115.4901
1,single_agent,JSON,anthropic,2.0000,3.0000,,16.0000,0.7654,134.1049,139.9889,,145.6280
1,single_agent,PDF,anthropic,3.0000,4.0000,,5.0000,0.8228,74.3981,76.2092,,82.1826
1,single_agent,XML,anthropic,1.0000,2.0000,,22.0000,0.9167,70.9631,75.9933,,81.7223
2,multi_agent,CSV,anthropic,1.0000,1.0000,1.0000,12.0000,0.7722,56.7893,57.3629,82.0576,82.0576
2,multi_agent,HTML,anthropic,2.0000,2.0000,2.0000,45.0000,0.9244,83.7367,84.6885,102.8022,102.8024
2,multi_agent,HTTP,anthropic,2.0000,,,24.0000,,91.6748,,,761.6095
2,multi_agent,JSON,anthropic,2.0000,2.0000,2.0000,28.0000,0.6340,131.9011,132.6747,160.0217,160.0219
2,multi_agent,PDF,anthropic,2.0000,2.0000,2.0000,31.0000,0.8274,85.3288,85.9206,108.2827,108.2829
2,multi_agent,XML,anthropic,2.0000,3.0000,3.0000,29.0000,0.8713,72.0812,105.0233,123.8125,123.8126
2,single_agent,CSV,anthropic,2.0000,3.0000,,25.0000,0.7516,95.9758,100.9994,,106.7496
2,single_agent,HTML,anthropic,1.0000,2.0000,,26.0000,0.8561,69.2011,75.1821,,81.1287
2,single_agent,HTTP,anthropic,2.0000,3.0000,,9.0000,0.6531,76.6896,82.0821,,87.9662
2,single_agent,JSON,anthropic,2.0000,3.0000,,21.0000,0.7549,145.6069,150.7426,,156.8698
2,single_agent,PDF,anthropic,2.0000,3.0000,,17.0000,0.8505,77.1676,79.0220,,84.6648
2,single_agent,XML,anthropic,2.0000,6.0000,,26.0000,0.8293,191.2121,196.5284,,201.9830
3,multi_agent,CSV,anthropic,1.0000,1.0000,1.0000,38.0000,0.7424,47.6135,48.2753,68.8595,68.8596
3,multi_agent,HTML,anthropic,2.0000,2.0000,2.0000,40.0000,0.8028,83.5168,83.9656,105.0013,105.0016
3,multi_agent,HTTP,anthropic,2.0000,,,19.0000,,88.6455,,,604.8045
3,multi_agent,JSON,anthropic,2.0000,2.0000,2.0000,37.0000,0.5608,142.0235,143.3293,166.4254,166.4256
3,multi_agent,PDF,anthropic,2.0000,3.0000,3.0000,48.0000,0.6591,87.3337,128.7246,150.1935,150.1936
3,multi_agent,XML,anthropic,2.0000,2.0000,2.0000,52.0000,0.8266,80.7655,81.2828,103.2688,103.2689
3,single_agent,CSV,anthropic,2.0000,3.0000,,11.0000,0.8088,88.5636,94.5743,,101.0616
3,single_agent,HTML,anthropic,2.0000,6.0000,,15.0000,0.8879,132.0430,137.0158,,142.9194
3,single_agent,HTTP,anthropic,2.0000,3.0000,,11.0000,0.7451,248.3705,253.3177,,258.9137
3,single_agent,JSON,anthropic,2.0000,3.0000,,16.0000,0.7901,135.4813,141.0874,,147.3998
3,single_agent,PDF,anthropic,3.0000,4.0000,,7.0000,0.8365,83.2655,85.4970,,92.3561
3,single_agent,XML,anthropic,2.0000,3.0000,,24.0000,0.8369,100.5194,106.6046,,112.3363
4,multi_agent,CSV,anthropic,2.0000,3.0000,3.0000,43.0000,0.8117,76.5521,109.8511,130.0178,130.0179
4,multi_agent,HTML,anthropic,2.0000,2.0000,2.0000,27.0000,0.8674,84.3580,85.1010,106.4764,106.4765
4,multi_agent,HTTP,anthropic,2.0000,,,23.0000,,79.2599,,,557.3870
4,multi_agent,JSON,anthropic,1.0000,1.0000,1.0000,29.0000,0.6342,71.3921,71.8159,97.9629,97.9632
4,multi_agent,PDF,anthropic,2.0000,6.0000,6.0000,51.0000,0.4333,88.2474,244.1386,267.1011,267.1011
4,multi_agent,XML,anthropic,2.0000,5.0000,5.0000,41.0000,0.7105,102.7568,247.0198,268.7206,268.7207
4,single_agent,CSV,anthropic,2.0000,5.0000,,22.0000,0.8640,133.8114,139.0261,,144.3781
4,single_agent,HTML,anthropic,2.0000,3.0000,,16.0000,0.8507,86.8722,92.4095,,98.3408
4,single_agent,HTTP,anthropic,3.0000,4.0000,,8.0000,0.8250,273.5282,278.3271,,284.5289
4,single_agent,JSON,anthropic,2.0000,3.0000,,16.0000,0.7017,134.6085,140.7865,,147.3587
4,single_agent,PDF,anthropic,1.0000,2.0000,,9.0000,0.7364,54.4932,56.9623,,62.8630
4,single_agent,XML,anthropic,2.0000,11.0000,,25.0000,0.8621,295.2912,300.5129,,306.2688
5,multi_agent,CSV,anthropic,2.0000,2.0000,2.0000,40.0000,0.5238,87.2699,87.9836,109.6761,109.6763
5,multi_agent,HTML,anthropic,2.0000,2.0000,2.0000,30.0000,0.8462,80.5379,81.5111,99.7329,99.7330
5,multi_agent,HTTP,anthropic,2.0000,2.0000,2.0000,16.0000,0.6541,74.5406,75.5268,96.3038,96.3040
5,multi_agent,JSON,anthropic,2.0000,2.0000,2.0000,24.0000,0.5729,119.0586,119.5407,146.0324,146.0325
5,multi_agent,PDF,anthropic,2.0000,5.0000,5.0000,11.0000,0.5323,89.8889,197.2784,224.9195,224.9195
5,multi_agent,XML,anthropic,1.0000,5.0000,5.0000,20.0000,0.8304,58.0830,224.6296,247.6897,247.6897
5,single_agent,CSV,anthropic,,,,,,,,,136.8891
5,single_agent,HTML,anthropic,2.0000,3.0000,,26.0000,0.8415,137.7000,143.3161,,149.2087
5,single_agent,HTTP,anthropic,2.0000,3.0000,,8.0000,0.6908,289.8151,295.2863,,301.0194
5,single_agent,JSON,anthropic,2.0000,3.0000,,16.0000,0.7975,138.9040,144.1162,,149.7365
5,single_agent,PDF,anthropic,2.0000,3.0000,,7.0000,0.8313,62.4417,64.7968,,70.1458
5,single_agent,XML,anthropic,2.0000,11.0000,,54.0000,0.7637,328.1476,333.7571,,339.6749
6,multi_agent,CSV,anthropic,2.0000,2.0000,2.0000,46.0000,0.6905,82.6085,83.3702,103.9205,103.9206
6,multi_agent,HTML,anthropic,2.0000,2.0000,2.0000,38.0000,0.8995,89.0899,89.6173,110.1861,110.1862
6,multi_agent,HTTP,anthropic,4.0000,4.0000,4.0000,25.0000,0.7670,143.0010,143.5825,167.0659,167.0661
6,multi_agent,JSON,anthropic,2.0000,2.0000,2.0000,44.0000,0.5858,137.5028,138.1038,161.1420,161.1422
6,multi_agent,PDF,anthropic,2.0000,12.0000,12.0000,30.0000,0.5837,83.0035,441.5384,464.2183,464.2184
6,multi_agent,XML,anthropic,1.0000,4.0000,4.0000,31.0000,0.8259,60.7637,183.4969,208.1949,208.1950
6,single_agent,CSV,anthropic,,,,,,,,,126.8164
6,single_agent,HTML,anthropic,2.0000,3.0000,,23.0000,0.8874,107.3551,112.7324,,117.9503
6,single_agent,HTTP,anthropic,3.0000,4.0000,,9.0000,0.6500,412.6498,415.2026,,418.6952
6,single_agent,JSON,anthropic,2.0000,3.0000,,17.0000,0.7353,136.6341,142.1803,,147.7782
6,single_agent,PDF,anthropic,3.0000,4.0000,,13.0000,0.8701,84.0834,86.3958,,93.1156
6,single_agent,XML,anthropic,2.0000,13.0000,,30.0000,0.8029,360.1287,364.9774,,370.6780
7,multi_agent,CSV,anthropic,2.0000,2.0000,2.0000,63.0000,0.6261,92.9051,93.4903,118.3909,118.3911
7,multi_agent,HTML,anthropic,2.0000,2.0000,2.0000,14.0000,0.9149,78.2324,78.8322,101.2353,101.2355
7,multi_agent,HTTP,anthropic,2.0000,2.0000,2.0000,13.0000,0.7178,95.8654,96.2855,120.5120,120.5121
7,multi_agent,JSON,anthropic,1.0000,1.0000,1.0000,25.0000,0.6356,74.6230,75.2682,98.4023,98.4024
7,multi_agent,PDF,anthropic,2.0000,2.0000,2.0000,19.0000,0.8293,67.5372,67.9962,85.8230,85.8231
7,multi_agent,XML,anthropic,1.0000,2.0000,2.0000,31.0000,0.8394,55.1430,99.6694,126.1910,126.1912
7,single_agent,CSV,anthropic,3.0000,6.0000,,20.0000,0.8022,196.4220,202.9170,,208.9090
7,single_agent,HTML,anthropic,1.0000,2.0000,,21.0000,0.8926,65.1504,70.4490,,76.2719
7,single_agent,HTTP,anthropic,2.0000,3.0000,,15.0000,0.6779,405.2170,411.0485,,416.8031
7,single_agent,JSON,anthropic,2.0000,3.0000,,17.0000,0.7878,136.6831,142.1570,,147.8547
7,single_agent,PDF,anthropic,2.0000,3.0000,,22.0000,0.7807,97.4301,102.8960,,108.7540
7,single_agent,XML,anthropic,2.0000,10.0000,,60.0000,0.8543,267.5220,268.7620,,271.5434
8,multi_agent,CSV,anthropic,2.0000,2.0000,2.0000,20.0000,0.7450,72.1383,72.6050,91.5720,91.5721
8,multi_agent,HTML,anthropic,1.0000,1.0000,1.0000,27.0000,0.9195,51.4474,51.8314,73.5888,73.5889
8,multi_agent,HTTP,anthropic,2.0000,,,19.0000,,85.5429,,,622.4857
8,multi_agent,JSON,anthropic,2.0000,2.0000,2.0000,31.0000,0.5381,117.7836,118.2402,141.1983,141.1985
8,multi_agent,PDF,anthropic,2.0000,3.0000,3.0000,13.0000,0.8182,50.8353,74.4951,94.0635,94.0637
8,multi_agent,XML,anthropic,2.0000,,,21.0000,,83.6295,,,534.4826
8,single_agent,CSV,anthropic,2.0000,3.0000,,18.0000,0.8343,117.3329,119.5435,,125.0726
8,single_agent,HTML,anthropic,2.0000,3.0000,,13.0000,0.8348,67.8948,69.6729,,75.6252
8,single_agent,HTTP,anthropic,2.0000,6.0000,,18.0000,0.7009,138.1279,139.8999,,146.1144
8,single_agent,JSON,anthropic,1.0000,2.0000,,23.0000,0.7198,94.8784,97.8912,,104.2532
8,single_agent,PDF,anthropic,2.0000,3.0000,,7.0000,0.8208,61.7369,63.8346,,69.8011
8,single_agent,XML,anthropic,2.0000,,,23.0000,,299.6536,,,302.0869
9,multi_agent,CSV,anthropic,2.0000,4.0000,4.0000,69.0000,0.5479,93.6778,161.6531,182.1926,182.1927
9,multi_agent,HTML,anthropic,2.0000,2.0000,2.0000,32.0000,0.8736,107.3840,107.8057,133.2256,133.2257
9,multi_agent,HTTP,anthropic,2.0000,2.0000,2.0000,10.0000,0.6635,78.2517,79.1900,99.2147,99.2148
9,multi_agent,JSON,anthropic,1.0000,1.0000,1.0000,22.0000,0.5942,54.8714,55.3973,80.3162,80.3162
9,multi_agent,PDF,anthropic,2.0000,2.0000,2.0000,39.0000,0.4815,82.9669,83.4848,109.4485,109.4486
9,multi_agent,XML,anthropic,1.0000,2.0000,2.0000,21.0000,0.8539,54.1331,96.3494,116.3815,116.3815
9,single_agent,CSV,anthropic,2.0000,5.0000,,30.0000,0.8319,125.4969,127.1947,,133.1821
9,single_agent,HTML,anthropic,2.0000,3.0000,,30.0000,0.9282,111.4691,113.6360,,119.5880
9,single_agent,HTTP,anthropic,3.0000,4.0000,,7.0000,0.6364,101.3025,102.9727,,108.8153
9,single_agent,JSON,anthropic,2.0000,3.0000,,20.0000,0.6736,150.2711,152.3204,,157.9483
9,single_agent,PDF,anthropic,2.0000,3.0000,,13.0000,0.7654,60.6784,62.4062,,68.8384
9,single_agent,XML,anthropic,2.0000,10.0000,,28.0000,0.8730,247.4187,249.2313,,254.9967
10,multi_agent,CSV,anthropic,2.0000,3.0000,3.0000,57.0000,0.7247,77.1244,118.8869,142.1880,142.1881
10,multi_agent,HTML,anthropic,1.0000,4.0000,4.0000,18.0000,0.8901,48.1193,124.2037,142.7817,142.7819
10,multi_agent,HTTP,anthropic,2.0000,2.0000,2.0000,10.0000,0.7069,73.9254,74.5429,92.6953,92.6954
10,multi_agent,JSON,anthropic,1.0000,1.0000,1.0000,25.0000,0.4937,76.3139,76.8819,101.7513,101.7514
10,multi_agent,PDF,anthropic,2.0000,2.0000,2.0000,18.0000,0.8394,68.5204,69.1163,88.0130,88.0131
10,multi_agent,XML,anthropic,1.0000,1.0000,1.0000,19.0000,0.8925,49.6900,50.2968,75.2038,75.2040
10,single_agent,CSV,anthropic,2.0000,5.0000,,21.0000,0.8387,123.0478,125.1614,,131.7726
10,single_agent,HTML,anthropic,2.0000,3.0000,,22.0000,0.9078,117.3103,119.2799,,125.1242
10,single_agent,HTTP,anthropic,2.0000,3.0000,,12.0000,0.6476,73.0984,74.7871,,80.5871
10,single_agent,JSON,anthropic,4.0000,5.0000,,19.0000,0.6871,218.4433,221.1062,,226.8556
10,single_agent,PDF,anthropic,2.0000,3.0000,,18.0000,0.8537,61.7046,64.2023,,70.0381
10,single_agent,XML,anthropic,2.0000,3.0000,,24.0000,0.7975,93.1633,95.0303,,100.7556
11,multi_agent,CSV,anthropic,2.0000,2.0000,2.0000,50.0000,0.5885,82.3298,82.7853,104.4102,104.4103
11,multi_agent,HTML,anthropic,2.0000,3.0000,3.0000,14.0000,0.8667,82.2302,120.7440,141.5517,141.5518
11,multi_agent,HTTP,anthropic,3.0000,,,24.0000,,119.2109,,,622.9389
11,multi_agent,JSON,anthropic,2.0000,2.0000,2.0000,25.0000,0.5372,119.5390,120.0141,141.8708,141.8710
11,multi_agent,PDF,anthropic,2.0000,4.0000,4.0000,21.0000,0.8864,69.1915,121.5200,138.1141,138.1143
11,multi_agent,XML,anthropic,2.0000,2.0000,2.0000,18.0000,0.6468,78.6570,79.1239,102.4938,102.4939
11,single_agent,CSV,anthropic,2.0000,3.0000,,23.0000,0.7926,80.4171,82.4349,,87.0314
11,single_agent,HTML,anthropic,,,,,,,,,147.4523
11,single_agent,HTTP,anthropic,2.0000,8.0000,,12.0000,0.7879,207.8245,209.9706,,214.7826
11,single_agent,JSON,anthropic,2.0000,5.0000,,16.0000,0.7891,193.1036,195.6833,,201.2363
11,single_agent,PDF,anthropic,2.0000,3.0000,,17.0000,0.8353,58.1673,60.0517,,64.8900
11,single_agent,XML,anthropic,1.0000,2.0000,,21.0000,0.8733,67.1821,69.3500,,74.4189
12,multi_agent,CSV,anthropic,2.0000,2.0000,2.0000,60.0000,0.6576,73.5813,74.1793,94.8409,94.8409
12,multi_agent,HTML,anthropic,1.0000,1.0000,1.0000,32.0000,0.8902,51.3265,51.8382,78.2952,78.2952
12,multi_agent,HTTP,anthropic,2.0000,2.0000,2.0000,18.0000,0.6620,87.4649,88.0529,112.8210,112.8210
12,multi_agent,JSON,anthropic,1.0000,1.0000,1.0000,27.0000,0.4597,79.0165,79.5164,103.9091,103.9091
12,multi_agent,PDF,anthropic,3.0000,4.0000,4.0000,14.0000,0.8182,117.3274,153.1988,177.7875,177.7875
12,multi_agent,XML,anthropic,1.0000,,,31.0000,,53.4256,,,576.1011
12,single_agent,CSV,anthropic,,,,,,,,,80.6946
12,single_agent,HTML,anthropic,,,,,,,,,92.3001
12,single_agent,HTTP,anthropic,2.0000,3.0000,,22.0000,0.7273,176.8453,178.8583,,183.5036
12,single_agent,JSON,anthropic,2.0000,3.0000,,17.0000,0.7625,125.6527,128.2843,,134.3865
12,single_agent,PDF,anthropic,3.0000,4.0000,,5.0000,0.8471,68.5252,70.3000,,74.8265
12,single_agent,XML,anthropic,2.0000,3.0000,,22.0000,0.8702,84.5651,86.6511,,91.8875
13,multi_agent,CSV,anthropic,1.0000,1.0000,1.0000,61.0000,0.6546,60.0712,60.5755,82.8180,82.8181
13,multi_agent,HTML,anthropic,2.0000,2.0000,2.0000,36.0000,0.8528,69.1622,69.6488,90.4825,90.4826
13,multi_agent,HTTP,anthropic,3.0000,3.0000,3.0000,17.0000,0.6993,97.9992,98.4531,121.1364,121.1367
13,multi_agent,JSON,anthropic,2.0000,3.0000,3.0000,17.0000,0.7194,97.0280,146.5597,171.0840,171.0841
13,multi_agent,PDF,anthropic,2.0000,2.0000,2.0000,15.0000,0.8227,71.4741,71.9365,91.6184,91.6185
13,multi_agent,XML,anthropic,1.0000,,,26.0000,,54.9477,,,673.6581
13,single_agent,CSV,anthropic,2.0000,5.0000,,17.0000,0.8080,103.6347,105.3452,,109.8639
13,single_agent,HTML,anthropic,2.0000,3.0000,,16.0000,0.8792,91.3680,93.0980,,97.4185
13,single_agent,HTTP,anthropic,4.0000,5.0000,,7.0000,0.6964,116.7559,118.3691,,122.5911
13,single_agent,JSON,anthropic,2.0000,3.0000,,17.0000,0.7579,126.1212,128.4067,,134.0789
13,single_agent,PDF,anthropic,1.0000,2.0000,,5.0000,0.8854,44.1375,45.9801,,50.0746
13,single_agent,XML,anthropic,2.0000,3.0000,,25.0000,0.8414,86.1463,88.1118,,92.6032
14,multi_agent,CSV,google,1.0000,1.0000,2.0000,35.0000,0.7600,92.6634,92.8609,168.1580,168.1581
14,multi_agent,CSV,openai,2.0000,2.0000,2.0000,27.0000,0.8280,100.0113,100.1913,113.8315,113.8316
14,multi_agent,CSV,anthropic,1.0000,1.0000,1.0000,28.0000,0.7841,52.2904,52.4700,74.3075,74.3076
14,multi_agent,HTML,google,2.0000,2.0000,3.0000,31.0000,0.7062,216.5622,216.7405,380.2887,380.2888
14,multi_agent,HTML,openai,2.0000,,,98.0000,,168.7568,,,1128.2217
14,multi_agent,HTML,anthropic,1.0000,1.0000,1.0000,26.0000,0.8642,49.2647,49.4606,71.2702,71.2704
14,multi_agent,HTTP,google,2.0000,,,40.0000,,147.0445,,,1083.7828
14,multi_agent,HTTP,openai,2.0000,2.0000,2.0000,37.0000,0.4457,151.2445,151.8040,167.0193,167.0194
14,multi_agent,HTTP,anthropic,2.0000,2.0000,3.0000,18.0000,0.6797,83.6324,83.9158,159.3644,159.3645
14,multi_agent,JSON,google,1.0000,1.0000,1.0000,31.0000,0.5794,135.6291,136.0464,178.6594,178.6595
14,multi_agent,JSON,openai,2.0000,3.0000,3.0000,27.0000,0.6927,203.4028,280.6623,292.9876,292.9877
14,multi_agent,JSON,anthropic,1.0000,1.0000,1.0000,21.0000,0.6779,61.6496,62.3072,83.5099,83.5100
14,multi_agent,PDF,google,2.0000,4.0000,4.0000,20.0000,0.6862,118.8609,199.0031,233.0892,233.0893
14,multi_agent,PDF,openai,2.0000,,,34.0000,,145.6760,,,1017.4784
14,multi_agent,PDF,anthropic,2.0000,2.0000,2.0000,30.0000,0.7716,75.3686,75.7000,96.4884,96.4886
14,multi_agent,XML,google,2.0000,2.0000,4.0000,103.0000,0.4113,189.9929,190.1298,436.8300,436.8301
14,multi_agent,XML,openai,2.0000,2.0000,2.0000,38.0000,0.7281,147.9589,148.2778,172.3374,172.3376
14,multi_agent,XML,anthropic,1.0000,,,17.0000,,54.1856,,,610.3744
14,single_agent,CSV,google,1.0000,2.0000,,21.0000,0.7191,73.0478,74.0175,,76.1318
14,single_agent,CSV,openai,2.0000,3.0000,,32.0000,0.6584,160.0001,161.2451,,164.1967
14,single_agent,CSV,anthropic,,,,,,,,,117.2170
14,single_agent,HTML,google,2.0000,15.0000,,12.0000,0.6218,254.9209,255.9825,,257.2404
14,single_agent,HTML,openai,1.0000,,,25.0000,,245.7076,,,249.8059
14,single_agent,HTML,anthropic,2.0000,3.0000,,11.0000,0.8793,95.3965,96.5732,,99.8298
14,single_agent,HTTP,google,2.0000,,,18.0000,,157.6333,,,159.6158
14,single_agent,HTTP,openai,1.0000,,,18.0000,,259.0057,,,261.9631
14,single_agent,HTTP,anthropic,2.0000,3.0000,,7.0000,0.6694,194.5980,195.6387,,197.9523
14,single_agent,JSON,google,1.0000,,,35.0000,,552.2036,,,556.4114
14,single_agent,JSON,openai,2.0000,3.0000,,27.0000,0.5848,234.6732,236.4672,,240.3197
14,single_agent,JSON,anthropic,2.0000,3.0000,,25.0000,0.6522,145.8084,147.5161,,151.3316
14,single_agent,PDF,google,1.0000,2.0000,,9.0000,0.6338,28.6614,29.5952,,31.6669
14,single_agent,PDF,openai,2.0000,,,50.0000,,321.6941,,,325.0791
14,single_agent,PDF,anthropic,2.0000,3.0000,,7.0000,0.8333,56.0335,57.3969,,59.7132
14,single_agent,XML,google,2.0000,3.0000,,46.0000,0.6347,89.2031,90.5818,,93.9751
14,single_agent,XML,openai,1.0000,,,15.0000,,287.3364,,,289.8106
14,single_agent,XML,anthropic,2.0000,5.0000,,27.0000,0.8896,141.7936,143.3420,,146.5437
15,multi_agent,CSV,google,1.0000,1.0000,1.0000,36.0000,0.6840,149.8981,150.2891,172.5162,172.5163
15,multi_agent,CSV,openai,1.0000,1.0000,1.0000,53.0000,0.6150,66.6710,67.1439,89.4755,89.4756
15,multi_agent,CSV,anthropic,1.0000,3.0000,3.0000,54.0000,0.5992,55.5413,128.2279,152.5968,152.5968
15,multi_agent,HTML,google,2.0000,3.0000,3.0000,41.0000,0.7002,191.1896,320.5121,340.2619,340.2620
15,multi_agent,HTML,openai,2.0000,,,27.0000,,147.1768,,,1021.5201
15,multi_agent,HTML,anthropic,2.0000,2.0000,2.0000,26.0000,0.8714,93.9897,94.1209,118.4640,118.4641
15,multi_agent,HTTP,google,2.0000,3.0000,3.0000,70.0000,0.4153,213.9868,276.8062,294.9500,294.9501
15,multi_agent,HTTP,openai,2.0000,2.0000,2.0000,17.0000,0.6923,108.0845,108.2261,126.6010,126.6011
15,multi_agent,HTTP,anthropic,2.0000,2.0000,2.0000,12.0000,0.7476,80.4190,80.5625,103.2756,103.2757
15,multi_agent,JSON,google,1.0000,1.0000,1.0000,32.0000,0.6944,103.0656,103.2063,124.9066,124.9067
15,multi_agent,JSON,openai,2.0000,3.0000,3.0000,34.0000,0.6556,178.9428,252.8612,270.0923,270.0923
15,multi_agent,JSON,anthropic,2.0000,2.0000,2.0000,25.0000,0.6000,116.8916,117.3350,142.1190,142.1192
15,multi_agent,PDF,google,1.0000,1.0000,1.0000,9.0000,0.7900,61.9250,62.0566,81.7477,81.7479
15,multi_agent,PDF,openai,2.0000,,,30.0000,,171.2571,,,1166.3496
15,multi_agent,PDF,anthropic,2.0000,2.0000,2.0000,25.0000,0.6866,67.4745,67.6191,89.5074,89.5075
15,multi_agent,XML,google,1.0000,2.0000,3.0000,42.0000,0.5743,129.9689,234.9573,361.5997,361.5998
15,multi_agent,XML,openai,1.0000,,,24.0000,,70.5411,,,899.3184
15,multi_agent,XML,anthropic,1.0000,2.0000,2.0000,38.0000,0.8869,51.5927,87.6185,109.6233,109.6234
15,single_agent,CSV,google,1.0000,2.0000,,15.0000,0.7612,54.5154,55.5701,,57.6671
15,single_agent,CSV,openai,2.0000,3.0000,,34.0000,0.7171,146.6673,147.8222,,150.8236
15,single_agent,CSV,anthropic,2.0000,5.0000,,26.0000,0.8286,148.5516,149.8073,,152.9444
15,single_agent,HTML,google,1.0000,,,8.0000,,464.8737,,,465.8846
15,single_agent,HTML,openai,1.0000,,,33.0000,,120.5942,,,123.0806
15,single_agent,HTML,anthropic,2.0000,6.0000,,28.0000,0.8873,141.6524,142.7129,,145.6611
15,single_agent,HTTP,google,1.0000,2.0000,,18.0000,0.6538,81.3539,82.4371,,85.1949
15,single_agent,HTTP,openai,2.0000,3.0000,,10.0000,0.6647,176.1343,177.3601,,180.2585
15,single_agent,HTTP,anthropic,2.0000,3.0000,,9.0000,0.7895,70.6016,71.6512,,74.2930
15,single_agent,JSON,google,1.0000,13.0000,,17.0000,0.7437,383.1013,384.2938,,387.9828
15,single_agent,JSON,openai,2.0000,3.0000,,28.0000,0.6370,256.8076,258.3381,,262.4629
15,single_agent,JSON,anthropic,3.0000,4.0000,,18.0000,0.7344,158.9064,160.5338,,164.8041
15,single_agent,PDF,google,2.0000,3.0000,,15.0000,0.7018,39.9767,41.0932,,43.6128
15,single_agent,PDF,openai,1.0000,2.0000,,8.0000,0.8901,86.5971,87.5477,,89.7535
15,single_agent,PDF,anthropic,1.0000,2.0000,,7.0000,0.8000,50.2333,51.2597,,53.5672
15,single_agent,XML,google,1.0000,,,21.0000,,453.3726,,,455.9681
15,single_agent,XML,openai,2.0000,,,26.0000,,203.1350,,,205.9680
15,single_agent,XML,anthropic,2.0000,6.0000,,30.0000,0.8276,190.8927,192.4331,,195.9484
16,multi_agent,CSV,google,2.0000,5.0000,6.0000,27.0000,0.6927,148.1847,639.7963,755.1591,755.1592
16,multi_agent,CSV,openai,1.0000,1.0000,1.0000,60.0000,0.6890,69.1835,69.3419,100.9484,100.9485
16,multi_agent,CSV,anthropic,1.0000,3.0000,3.0000,48.0000,0.7005,55.3572,111.8559,134.9326,134.9327
16,multi_agent,HTML,google,3.0000,7.0000,11.0000,116.0000,0.6546,219.8487,637.9137,960.9019,960.9020
16,multi_agent,HTML,openai,1.0000,13.0000,13.0000,48.0000,0.7740,69.8201,884.2843,901.7693,901.7695
16,multi_agent,HTML,anthropic,2.0000,2.0000,2.0000,31.0000,0.9359,73.8174,74.2548,96.5271,96.5273
16,multi_agent,HTTP,google,1.0000,1.0000,2.0000,13.0000,0.5974,78.9277,79.0630,196.3447,196.3448
16,multi_agent,HTTP,openai,2.0000,,,17.0000,,127.5310,,,872.0795
16,multi_agent,HTTP,anthropic,2.0000,2.0000,2.0000,19.0000,0.6069,98.1216,98.2596,121.7644,121.7644
16,multi_agent,JSON,google,2.0000,2.0000,6.0000,41.0000,0.4954,229.4685,229.7915,588.5286,588.5287
16,multi_agent,JSON,openai,3.0000,3.0000,3.0000,27.0000,0.5701,243.4974,243.6452,261.5837,261.5838
16,multi_agent,JSON,anthropic,2.0000,2.0000,2.0000,23.0000,0.5761,118.5594,118.6923,142.8753,142.8755
16,multi_agent,PDF,google,3.0000,3.0000,3.0000,10.0000,0.7261,158.5261,159.0299,179.7047,179.7048
16,multi_agent,PDF,openai,2.0000,,,19.0000,,153.6201,,,919.9916
16,multi_agent,PDF,anthropic,1.0000,5.0000,5.0000,17.0000,0.7055,47.5927,171.3234,197.7435,197.7436
16,multi_agent,XML,google,2.0000,2.0000,2.0000,24.0000,0.5386,183.1917,183.3289,206.4198,206.4199
16,multi_agent,XML,openai,2.0000,,,19.0000,,102.5351,,,926.0457
16,multi_agent,XML,anthropic,1.0000,10.0000,10.0000,36.0000,0.8452,57.1886,391.1788,412.6269,412.6271
16,single_agent,CSV,google,1.0000,2.0000,,27.0000,0.6591,89.7667,90.8171,,93.5214
16,single_agent,CSV,openai,3.0000,4.0000,,30.0000,0.7722,171.1274,175.6819,,178.8386
16,single_agent,CSV,anthropic,,,,,,,,,155.9324
16,single_agent,HTML,google,2.0000,9.0000,,8.0000,0.7368,136.9077,137.7108,,140.3238
16,single_agent,HTML,openai,1.0000,,,19.0000,,231.0591,,,236.5173
16,single_agent,HTML,anthropic,2.0000,3.0000,,16.0000,,96.3985,100.9329,,104.1553
16,single_agent,HTTP,google,1.0000,2.0000,,15.0000,,109.3871,113.3697,,116.1047
16,single_agent,HTTP,openai,,,,,,,,,746.9942
16,single_agent,HTTP,anthropic,2.0000,3.0000,,10.0000,,91.7857,96.0012,,98.5334
16,single_agent,JSON,google,2.0000,,,21.0000,,526.0029,,,527.4077
16,single_agent,JSON,openai,2.0000,3.0000,,26.0000,,271.3467,276.3976,,280.9461
16,single_agent,JSON,anthropic,3.0000,4.0000,,21.0000,,196.1811,200.5999,,204.2689
16,single_agent,PDF,google,1.0000,2.0000,,10.0000,,32.4828,33.4645,,35.7304
16,single_agent,PDF,openai,1.0000,2.0000,,19.0000,,59.6720,60.5462,,62.7595
16,single_agent,PDF,anthropic,3.0000,4.0000,,10.0000,,73.5465,74.5206,,76.7258
16,single_agent,XML,google,1.0000,2.0000,,36.0000,,128.7993,133.1582,,137.3371
16,single_agent,XML,openai,1.0000,,,25.0000,,237.2392,,,244.1543
16,single_agent,XML,anthropic,2.0000,3.0000,,29.0000,,104.4418,109.1109,,112.2276
17,multi_agent,CSV,google,2.0000,2.0000,2.0000,92.0000,0.6692,182.7035,182.8876,209.7415,209.7417
17,multi_agent,CSV,openai,1.0000,1.0000,1.0000,42.0000,0.8333,56.3906,56.5521,70.8598,70.8599
17,multi_agent,CSV,anthropic,1.0000,1.0000,1.0000,45.0000,0.6875,55.7945,55.9427,76.9716,76.9717
17,multi_agent,HTML,google,2.0000,4.0000,5.0000,138.0000,0.7283,185.3080,326.5893,410.8393,410.8394
17,multi_agent,HTML,openai,2.0000,,,67.0000,,136.9516,,,1156.8786
17,multi_agent,HTML,anthropic,1.0000,1.0000,1.0000,38.0000,0.8588,49.7917,49.9234,73.4987,73.4989
17,multi_agent,HTTP,google,1.0000,1.0000,1.0000,13.0000,0.6314,68.0380,68.1710,85.6983,85.6985
17,multi_agent,HTTP,openai,2.0000,2.0000,2.0000,25.0000,0.5385,124.7581,124.8857,145.1360,145.1363
17,multi_agent,HTTP,anthropic,2.0000,,,20.0000,,83.6751,,,605.9972
17,multi_agent,JSON,google,1.0000,1.0000,1.0000,29.0000,0.5720,118.0391,118.1629,141.2756,141.2756
17,multi_agent,JSON,openai,2.0000,2.0000,2.0000,38.0000,0.5728,154.9206,155.0700,177.8308,177.8310
17,multi_agent,JSON,anthropic,2.0000,2.0000,2.0000,25.0000,0.5419,123.2876,123.9051,148.0860,148.0861
17,multi_agent,PDF,google,2.0000,3.0000,3.0000,10.0000,0.6429,78.2040,105.4061,123.3032,123.3033
17,multi_agent,PDF,openai,2.0000,,,15.0000,,132.0594,,,912.3950
17,multi_agent,PDF,anthropic,2.0000,12.0000,12.0000,32.0000,0.4354,75.6047,371.7173,397.6636,397.6638
17,multi_agent,XML,google,1.0000,5.0000,5.0000,28.0000,0.6190,85.8243,348.8944,368.3735,368.3737
17,multi_agent,XML,openai,3.0000,,,80.0000,,195.4903,,,958.8156
17,multi_agent,XML,anthropic,1.0000,2.0000,2.0000,19.0000,0.8722,50.2534,83.9655,103.4252,103.4252
17,single_agent,CSV,google,2.0000,3.0000,,30.0000,0.6597,117.8140,119.3074,,122.4799
17,single_agent,CSV,openai,2.0000,3.0000,,24.0000,0.6490,87.8482,89.2292,,91.9402
17,single_agent,CSV,anthropic,2.0000,7.0000,,20.0000,0.7362,169.0671,170.3905,,173.6064
17,single_agent,HTML,google,1.0000,4.0000,,60.0000,0.8051,266.5199,267.9301,,269.6361
17,single_agent,HTML,openai,1.0000,,,34.0000,,235.9625,,,239.9749
17,single_agent,HTML,anthropic,2.0000,3.0000,,35.0000,0.8729,103.7413,105.0064,,107.4121
17,single_agent,HTTP,google,2.0000,3.0000,,8.0000,0.6568,94.1862,95.3263,,97.9194
17,single_agent,HTTP,openai,3.0000,4.0000,,15.0000,0.5784,169.8439,171.1141,,173.6498
17,single_agent,HTTP,anthropic,2.0000,3.0000,,11.0000,0.7532,437.9658,439.0707,,442.0136
17,single_agent,JSON,google,1.0000,,,14.0000,,93.4441,,,95.7703
17,single_agent,JSON,openai,2.0000,3.0000,,24.0000,0.5955,241.0415,242.8317,,246.7882
17,single_agent,JSON,anthropic,2.0000,3.0000,,15.0000,0.7957,127.4145,128.8108,,132.2626
17,single_agent,PDF,google,1.0000,2.0000,,8.0000,0.5849,49.3070,50.1120,,52.1011
17,single_agent,PDF,openai,3.0000,,,36.0000,,173.1319,,,175.7044
17,single_agent,PDF,anthropic,3.0000,4.0000,,7.0000,0.8061,74.4907,75.5113,,77.6875
17,single_agent,XML,google,2.0000,3.0000,,28.0000,0.6570,100.7372,102.0946,,105.2782
17,single_agent,XML,openai,1.0000,,,20.0000,,108.9600,,,111.9391
17,single_agent,XML,anthropic,2.0000,3.0000,,26.0000,0.8188,90.9269,92.0825,,95.0701
18,multi_agent,CSV,google,1.0000,1.0000,1.0000,42.0000,0.6949,73.2503,73.4445,93.6161,93.6162
18,multi_agent,CSV,openai,2.0000,3.0000,3.0000,79.0000,0.6272,103.7728,152.6421,169.0048,169.0050
18,multi_agent,CSV,anthropic,2.0000,2.0000,2.0000,51.0000,0.5915,81.3738,81.5887,101.7835,101.7837
18,multi_agent,HTML,google,2.0000,4.0000,5.0000,112.0000,0.6627,213.0047,371.2563,488.6132,488.6133
18,multi_agent,HTML,openai,2.0000,,,44.0000,,177.3978,,,1328.9159
18,multi_agent,HTML,anthropic,1.0000,3.0000,3.0000,29.0000,0.9188,44.9901,94.8564,114.7782,114.7783
18,multi_agent,HTTP,google,2.0000,2.0000,5.0000,29.0000,0.5665,168.3302,168.9153,426.1623,426.1625
18,multi_agent,HTTP,openai,2.0000,2.0000,3.0000,18.0000,0.5339,122.9161,123.0892,224.2544,224.2544
18,multi_agent,HTTP,anthropic,2.0000,8.0000,8.0000,16.0000,0.7287,67.0341,243.1409,265.5495,265.5496
18,multi_agent,JSON,google,1.0000,1.0000,1.0000,34.0000,0.6267,97.3048,97.7627,117.8814,117.8814
18,multi_agent,JSON,openai,4.0000,5.0000,5.0000,35.0000,0.6848,400.0317,471.2089,486.0706,486.0707
18,multi_agent,JSON,anthropic,2.0000,2.0000,2.0000,25.0000,0.6000,111.3304,111.4839,135.7078,135.7078
18,multi_agent,PDF,google,2.0000,,,59.0000,,120.7071,,,1013.8637
18,multi_agent,PDF,openai,3.0000,,,35.0000,,275.1268,,,1300.2704
18,multi_agent,PDF,anthropic,2.0000,2.0000,2.0000,25.0000,0.6061,82.9162,83.0507,105.9077,105.9079
18,multi_agent,XML,google,2.0000,2.0000,4.0000,45.0000,0.5811,210.5109,210.6492,454.2976,454.2978
18,multi_agent,XML,openai,1.0000,,,33.0000,,92.6156,,,1268.6886
18,multi_agent,XML,anthropic,2.0000,,,19.0000,,75.1908,,,496.2860
18,single_agent,CSV,google,1.0000,2.0000,,27.0000,0.7701,82.7195,83.6832,,85.9778
18,single_agent,CSV,openai,1.0000,2.0000,,22.0000,0.7589,108.9758,110.1298,,112.5047
18,single_agent,CSV,anthropic,2.0000,3.0000,,15.0000,0.8308,116.4944,117.7867,,120.4534
18,single_agent,HTML,google,1.0000,6.0000,,35.0000,0.6818,107.7607,108.9386,,112.0025
18,single_agent,HTML,openai,2.0000,,,17.0000,,203.8137,,,206.7101
18,single_agent,HTML,anthropic,2.0000,,,31.0000,,189.5453,,,192.6455
18,single_agent,HTTP,google,2.0000,14.0000,,37.0000,0.5722,459.9706,461.0909,,463.5854
18,single_agent,HTTP,openai,3.0000,4.0000,,30.0000,0.7450,163.7100,164.8330,,167.2500
18,single_agent,HTTP,anthropic,2.0000,3.0000,,20.0000,0.8054,102.1363,103.4109,,106.4575
18,single_agent,JSON,google,1.0000,4.0000,,25.0000,0.5899,184.5998,185.8786,,189.9131
18,single_agent,JSON,openai,2.0000,3.0000,,26.0000,0.6953,318.0642,320.1500,,324.2441
18,single_agent,JSON,anthropic,5.0000,6.0000,,25.0000,0.6689,265.9783,267.6315,,271.1446
18,single_agent,PDF,google,2.0000,5.0000,,21.0000,0.7079,81.2337,82.2839,,84.5033
18,single_agent,PDF,openai,2.0000,,,16.0000,,46.0430,,,47.9602
18,single_agent,PDF,anthropic,2.0000,3.0000,,8.0000,0.7093,53.8720,54.7860,,56.8684
18,single_agent,XML,google,1.0000,9.0000,,41.0000,0.5932,257.4575,258.5809,,260.1390
18,single_agent,XML,openai,1.0000,2.0000,,47.0000,0.5920,136.9380,138.8750,,142.5860
18,single_agent,XML,anthropic,2.0000,3.0000,,23.0000,0.8767,89.8212,91.0915,,93.9428
19,multi_agent,CSV,google,2.0000,2.0000,3.0000,43.0000,0.6197,128.4514,128.7447,222.4038,222.4039
19,multi_agent,CSV,openai,2.0000,2.0000,2.0000,52.0000,0.7437,133.6110,133.7862,143.0118,143.0119
19,multi_agent,CSV,anthropic,2.0000,3.0000,3.0000,40.0000,0.6381,72.5693,114.2788,136.4525,136.4525
19,multi_agent,HTML,google,3.0000,14.0000,14.0000,161.0000,0.6569,256.6264,1202.6693,1231.3808,1231.3809
19,multi_agent,HTML,openai,1.0000,,,23.0000,,105.4301,,,1008.1422
19,multi_agent,HTML,anthropic,1.0000,1.0000,1.0000,33.0000,0.9121,50.9640,51.0963,72.2822,72.2823
19,multi_agent,HTTP,google,2.0000,,,19.0000,,131.1629,,,938.5746
19,multi_agent,HTTP,openai,2.0000,2.0000,2.0000,18.0000,0.6975,128.8682,128.9937,139.1410,139.1411
19,multi_agent,HTTP,anthropic,2.0000,2.0000,2.0000,20.0000,0.7753,78.4005,78.5432,98.8664,98.8666
19,multi_agent,JSON,google,2.0000,2.0000,2.0000,26.0000,0.6548,126.8922,127.0720,145.6536,145.6537
19,multi_agent,JSON,openai,2.0000,2.0000,2.0000,32.0000,0.5422,155.9317,156.3860,165.5587,165.5589
19,multi_agent,JSON,anthropic,2.0000,2.0000,2.0000,25.0000,0.5676,125.3458,125.4841,149.4970,149.4972
19,multi_agent,PDF,google,1.0000,1.0000,9.0000,11.0000,0.6940,54.7311,55.3043,486.9156,486.9157
19,multi_agent,PDF,openai,2.0000,,,73.0000,,170.4077,,,1164.4389
19,multi_agent,PDF,anthropic,2.0000,3.0000,3.0000,33.0000,0.7466,68.9427,99.9856,121.9313,121.9315
19,multi_agent,XML,google,4.0000,4.0000,5.0000,38.0000,0.6570,238.8040,239.1703,343.0733,343.0734
19,multi_agent,XML,openai,1.0000,,,26.0000,,54.6975,,,851.0123
19,multi_agent,XML,anthropic,1.0000,1.0000,1.0000,23.0000,0.8488,59.2381,59.3793,80.1160,80.1160
19,single_agent,CSV,google,2.0000,3.0000,,20.0000,0.7477,90.2032,91.2079,,93.4831
19,single_agent,CSV,openai,1.0000,2.0000,,46.0000,0.6368,107.2783,108.4706,,111.0404
19,single_agent,CSV,anthropic,3.0000,6.0000,,12.0000,0.7426,113.6050,114.6608,,117.3223
19,single_agent,HTML,google,1.0000,10.0000,,11.0000,0.6489,447.8853,448.8312,,451.7516
19,single_agent,HTML,openai,1.0000,,,12.0000,,216.4646,,,220.0758
19,single_agent,HTML,anthropic,2.0000,5.0000,,24.0000,0.8117,184.0956,185.3630,,188.4301
19,single_agent,HTTP,google,2.0000,9.0000,,25.0000,0.5820,271.2244,272.5002,,275.4529
19,single_agent,HTTP,openai,3.0000,4.0000,,18.0000,0.6146,213.9029,215.2021,,218.1146
19,single_agent,HTTP,anthropic,2.0000,3.0000,,7.0000,0.7130,71.9840,73.0891,,75.3460
19,single_agent,JSON,google,1.0000,2.0000,,34.0000,0.6113,143.0966,144.7651,,148.9083
19,single_agent,JSON,openai,9.0000,,,27.0000,,526.7108,,,530.1366
19,single_agent,JSON,anthropic,2.0000,3.0000,,31.0000,0.6437,128.0093,129.5321,,133.1662
19,single_agent,PDF,google,3.0000,4.0000,,11.0000,0.6377,49.9467,50.7656,,52.6871
19,single_agent,PDF,openai,2.0000,3.0000,,40.0000,0.5417,126.3494,127.5626,,130.6500
19,single_agent,PDF,anthropic,3.0000,4.0000,,11.0000,0.8317,82.5457,83.5289,,86.1278
19,single_agent,XML,google,1.0000,,,19.0000,,330.7138,,,333.8941
19,single_agent,XML,openai,2.0000,,,19.0000,,179.8319,,,182.5229
19,single_agent,XML,anthropic,2.0000,12.0000,,42.0000,0.8409,294.8630,296.0971,,298.8153
20,multi_agent,CSV,google,1.0000,1.0000,3.0000,54.0000,0.5752,81.6476,82.0541,254.9494,254.9494
20,multi_agent,CSV,openai,2.0000,2.0000,2.0000,44.0000,0.6950,115.3389,115.5020,131.1592,131.1593
20,multi_agent,CSV,anthropic,2.0000,8.0000,8.0000,55.0000,0.7474,71.2015,226.8480,248.5784,248.5785
20,multi_agent,HTML,google,3.0000,4.0000,4.0000,171.0000,0.7197,281.4553,384.5987,411.1908,411.1909
20,multi_agent,HTML,openai,2.0000,,,29.0000,,131.7478,,,992.8534
20,multi_agent,HTML,anthropic,1.0000,1.0000,1.0000,28.0000,0.9195,46.2525,46.7795,67.7352,67.7353
20,multi_agent,HTTP,google,1.0000,,,13.0000,,61.6910,,,1311.9022
20,multi_agent,HTTP,openai,2.0000,,,21.0000,,129.2191,,,908.4353
20,multi_agent,HTTP,anthropic,2.0000,2.0000,2.0000,15.0000,0.6802,74.0833,74.2092,98.8709,98.8710
20,multi_agent,JSON,google,2.0000,2.0000,2.0000,32.0000,0.5969,171.0758,171.2056,191.3192,191.3193
20,multi_agent,JSON,openai,2.0000,2.0000,2.0000,32.0000,0.6886,176.0726,176.2715,198.5433,198.5435
20,multi_agent,JSON,anthropic,2.0000,2.0000,2.0000,27.0000,0.5728,110.6884,110.8239,136.8068,136.8070
20,multi_agent,PDF,google,2.0000,,,38.0000,,238.0058,,,1663.2722
20,multi_agent,PDF,openai,2.0000,,,40.0000,,171.8687,,,1292.9537
20,multi_agent,PDF,anthropic,2.0000,2.0000,2.0000,12.0000,0.8667,67.4205,68.0813,85.8283,85.8285
20,multi_agent,XML,google,2.0000,3.0000,3.0000,31.0000,0.5208,121.4146,209.0527,227.8461,227.8462
20,multi_agent,XML,openai,2.0000,,,34.0000,,113.3073,,,741.1060
20,multi_agent,XML,anthropic,1.0000,2.0000,2.0000,35.0000,0.8604,46.7368,82.1765,103.4110,103.4111
20,single_agent,CSV,google,1.0000,2.0000,,18.0000,0.6854,57.6159,58.4316,,61.3519
20,single_agent,CSV,openai,1.0000,2.0000,,47.0000,0.7241,125.7400,126.9984,,129.7684
20,single_agent,CSV,anthropic,2.0000,3.0000,,25.0000,0.7742,90.6089,91.8027,,94.8969
20,single_agent,HTML,google,1.0000,6.0000,,10.0000,0.5172,138.1530,139.0551,,141.1978
20,single_agent,HTML,openai,2.0000,,,18.0000,,140.7944,,,142.7949
20,single_agent,HTML,anthropic,2.0000,3.0000,,36.0000,0.9171,112.2492,113.8578,,117.3547
20,single_agent,HTTP,google,1.0000,2.0000,,12.0000,0.7070,77.6591,78.7845,,81.1519
20,single_agent,HTTP,openai,2.0000,3.0000,,23.0000,0.6029,201.7769,203.0515,,205.9975
20,single_agent,HTTP,anthropic,3.0000,8.0000,,18.0000,0.7486,238.0073,239.3635,,242.6068
20,single_agent,JSON,google,1.0000,5.0000,,27.0000,0.5481,142.7918,143.9479,,148.0860
20,single_agent,JSON,openai,2.0000,3.0000,,25.0000,0.5609,221.2870,223.2417,,227.2105
20,single_agent,JSON,anthropic,2.0000,5.0000,,16.0000,0.7030,194.6113,196.0813,,199.9154
20,single_agent,PDF,google,1.0000,2.0000,,15.0000,0.7571,27.2901,28.0758,,30.0878
20,single_agent,PDF,openai,2.0000,,,36.0000,,104.2906,,,106.6716
20,single_agent,PDF,anthropic,3.0000,4.0000,,8.0000,0.8288,81.2856,82.3588,,84.7298
20,single_agent,XML,google,1.0000,7.0000,,40.0000,0.6458,249.6697,250.8698,,255.0094
20,single_agent,XML,openai,1.0000,,,37.0000,,205.8111,,,209.3637
20,single_agent,XML,anthropic,2.0000,9.0000,,34.0000,0.8038,216.3914,217.5971,,220.6695
21,multi_agent,CSV,google,1.0000,,,43.0000,,68.2765,,,1031.7839
21,multi_agent,CSV,openai,2.0000,2.0000,2.0000,53.0000,0.7337,91.9645,92.2548,109.0297,109.0299
21,multi_agent,CSV,anthropic,2.0000,2.0000,2.0000,45.0000,0.6352,88.3866,88.5627,109.5421,109.5422
21,multi_agent,HTML,google,4.0000,10.0000,10.0000,26.0000,0.7837,286.4803,884.6853,907.6388,907.6389
21,multi_agent,HTML,openai,2.0000,,,110.0000,,245.6745,,,1554.3277
21,multi_agent,HTML,anthropic,1.0000,1.0000,1.0000,24.0000,0.9247,41.3709,41.4987,58.9949,58.9950
21,multi_agent,HTTP,google,2.0000,13.0000,13.0000,68.0000,0.5854,111.2901,772.4810,787.1626,787.1627
21,multi_agent,HTTP,openai,3.0000,,,27.0000,,210.8278,,,1170.3789
21,multi_agent,HTTP,anthropic,2.0000,2.0000,2.0000,26.0000,0.7751,68.9387,69.0697,87.3668,87.3669
21,multi_agent,JSON,google,2.0000,2.0000,2.0000,28.0000,0.5439,130.7275,130.8526,147.5780,147.5781
21,multi_agent,JSON,openai,2.0000,2.0000,2.0000,38.0000,0.6227,132.3156,132.6578,145.2497,145.2498
21,multi_agent,JSON,anthropic,2.0000,2.0000,2.0000,27.0000,0.6783,94.4743,95.0565,123.8882,123.8882
21,multi_agent,PDF,google,1.0000,2.0000,2.0000,32.0000,0.7182,87.1704,145.0052,161.4378,161.4380
21,multi_agent,PDF,openai,2.0000,,,31.0000,,183.8220,,,1497.6974
21,multi_agent,PDF,anthropic,2.0000,3.0000,3.0000,21.0000,0.8503,74.4461,108.2236,126.1749,126.1751
21,multi_agent,XML,google,1.0000,4.0000,4.0000,45.0000,0.5671,72.3665,250.7969,273.3573,273.3574
21,multi_agent,XML,openai,2.0000,,,28.0000,,92.2599,,,831.8319
21,multi_agent,XML,anthropic,2.0000,,,29.0000,,83.9799,,,603.4250
21,single_agent,CSV,google,1.0000,2.0000,,36.0000,0.7130,108.7477,109.7353,,112.0336
21,single_agent,CSV,openai,2.0000,3.0000,,75.0000,0.5556,173.6948,175.0075,,178.1685
21,single_agent,CSV,anthropic,3.0000,,,18.0000,,327.1085,,,328.5746
21,single_agent,HTML,google,1.0000,8.0000,,13.0000,0.7054,141.8074,142.9003,,145.2270
21,single_agent,HTML,openai,2.0000,,,25.0000,,270.5234,,,274.4114
21,single_agent,HTML,anthropic,2.0000,3.0000,,28.0000,0.8736,104.8252,106.1109,,109.1748
21,single_agent,HTTP,google,2.0000,,,42.0000,,447.1259,,,448.5860
21,single_agent,HTTP,openai,2.0000,,,12.0000,,222.0723,,,224.8838
21,single_agent,HTTP,anthropic,3.0000,10.0000,,18.0000,0.7795,232.4878,233.5197,,236.2469
21,single_agent,JSON,google,1.0000,2.0000,,27.0000,0.5114,89.3560,90.8421,,94.0714
21,single_agent,JSON,openai,2.0000,3.0000,,27.0000,0.6636,188.8653,190.8047,,194.6963
21,single_agent,JSON,anthropic,3.0000,4.0000,,31.0000,0.6482,189.2058,191.1625,,195.4504
21,single_agent,PDF,google,,,,,,,,,58.2020
21,single_agent,PDF,openai,2.0000,3.0000,,8.0000,0.8167,61.6702,62.6010,,64.5468
21,single_agent,PDF,anthropic,1.0000,2.0000,,17.0000,0.8587,44.5672,45.5421,,47.9057
21,single_agent,XML,google,2.0000,3.0000,,34.0000,0.5369,98.2455,99.6898,,102.8103
21,single_agent,XML,openai,1.0000,,,36.0000,,328.2239,,,331.2586
21,single_agent,XML,anthropic,2.0000,3.0000,,26.0000,0.8267,90.1100,91.3539,,93.8627
22,multi_agent,CSV,google,1.0000,1.0000,1.0000,41.0000,0.5736,75.8054,76.3673,93.5592,93.5594
22,multi_agent,CSV,openai,2.0000,2.0000,2.0000,49.0000,0.6865,116.2670,116.5248,138.6681,138.6682
22,multi_agent,CSV,anthropic,2.0000,2.0000,2.0000,31.0000,0.7518,72.5976,73.0617,95.3806,95.3808
22,multi_agent,HTML,google,3.0000,12.0000,13.0000,75.0000,0.8531,154.7420,584.8103,679.8830,679.8831
22,multi_agent,HTML,openai,1.0000,,,22.0000,,66.4335,,,822.1000
22,multi_agent,HTML,anthropic,2.0000,2.0000,2.0000,41.0000,0.8945,69.6358,70.3241,90.7356,90.7358
22,multi_agent,HTTP,google,2.0000,2.0000,2.0000,17.0000,0.5724,105.2720,105.8180,119.2139,119.2140
22,multi_agent,HTTP,openai,3.0000,3.0000,3.0000,19.0000,0.5828,172.9251,173.0522,191.7800,191.7801
22,multi_agent,HTTP,anthropic,2.0000,,,40.0000,,80.9575,,,579.1618
22,multi_agent,JSON,google,2.0000,3.0000,4.0000,31.0000,0.6300,168.9314,265.9981,365.2600,365.2601
22,multi_agent,JSON,openai,4.0000,4.0000,4.0000,38.0000,0.5966,313.5754,314.1893,330.2628,330.2629
22,multi_agent,JSON,anthropic,2.0000,3.0000,3.0000,25.0000,0.6006,81.4117,118.9834,140.9148,140.9149
22,multi_agent,PDF,google,1.0000,1.0000,2.0000,8.0000,0.5897,61.2560,61.3832,141.1578,141.1579
22,multi_agent,PDF,openai,3.0000,,,32.0000,,276.2625,,,1307.9025
22,multi_agent,PDF,anthropic,2.0000,3.0000,3.0000,42.0000,0.5000,75.8811,104.4313,124.9725,124.9726
22,multi_agent,XML,google,2.0000,3.0000,6.0000,34.0000,0.6368,117.0993,198.5754,446.7937,446.7938
22,multi_agent,XML,openai,2.0000,,,18.0000,,110.4548,,,672.6213
22,multi_agent,XML,anthropic,1.0000,2.0000,2.0000,29.0000,0.7129,72.7327,118.8891,142.1783,142.1784
22,single_agent,CSV,google,2.0000,3.0000,,22.0000,0.5517,91.7351,93.0485,,95.9783
22,single_agent,CSV,openai,3.0000,,,42.0000,,151.8532,,,154.4063
22,single_agent,CSV,anthropic,2.0000,3.0000,,36.0000,0.8516,75.8045,76.9442,,80.0630
22,single_agent,HTML,google,2.0000,,,9.0000,,137.5882,,,140.0006
22,single_agent,HTML,openai,2.0000,,,21.0000,,218.6503,,,221.2606
22,single_agent,HTML,anthropic,2.0000,3.0000,,19.0000,0.9286,113.6987,115.0392,,117.8606
22,single_agent,HTTP,google,2.0000,,,22.0000,,204.0659,,,206.3510
22,single_agent,HTTP,openai,1.0000,2.0000,,16.0000,0.7025,159.1581,160.2873,,162.8198
22,single_agent,HTTP,anthropic,2.0000,3.0000,,9.0000,0.8043,239.1871,240.2296,,242.8274
22,single_agent,JSON,google,1.0000,9.0000,,18.0000,0.6958,366.2068,367.4338,,371.5564
22,single_agent,JSON,openai,2.0000,3.0000,,18.0000,0.6910,188.6329,190.3241,,193.8364
22,single_agent,JSON,anthropic,2.0000,7.0000,,16.0000,0.7131,245.7410,247.2546,,251.3345
22,single_agent,PDF,google,1.0000,2.0000,,9.0000,0.6863,24.5139,25.3257,,27.7173
22,single_agent,PDF,openai,2.0000,3.0000,,14.0000,0.7941,71.6451,72.5489,,75.1664
22,single_agent,PDF,anthropic,3.0000,4.0000,,19.0000,0.8017,91.0098,92.0744,,94.6981
22,single_agent,XML,google,1.0000,,,10.0000,,190.4173,,,193.0531
22,single_agent,XML,openai,1.0000,,,24.0000,,155.6228,,,159.1677
22,single_agent,XML,anthropic,1.0000,2.0000,,24.0000,0.9048,78.6479,79.9763,,82.9102
